"المجموعة بعد توحيد الكتابة","عدد القيود","إجمالي المصروف","أول تاريخ","آخر تاريخ","البيانات الأصلية المجمعة"
"نوري","289","39680.00","2024-09-17","2026-09-05","نوري (129 قيد / 18385.00 ج.م) | نوري 1125 (2 قيد / 225.00 ج.م) | نوري 1200 (1 قيد / 525.00 ج.م) | نوري 1425 (1 قيد / 75.00 ج.م) | نوري 1800 (1 قيد / 225.00 ج.م) | نوري 1875 (1 قيد / 75.00 ج.م) | نوري 1950 (1 قيد / 75.00 ج.م) | نوري 2100 (1 قيد / 75.00 ج.م) | نوري 2250 (1 قيد / 150.00 ج.م) | نوري 2775 (2 قيد / 300.00 ج.م) | نوري 300 (1 قيد / 300.00 ج.م) | نوري 3150 (1 قيد / 300.00 ج.م) | نوري 3225 (1 قيد / 75.00 ج.م) | نوري 3450 (1 قيد / 225.00 ج.م) | نوري 3525 (1 قيد / 75.00 ج.م) | نوري 375 (1 قيد / 150.00 ج.م) | نوري 525 (1 قيد / 75.00 ج.م) | نوري 750 (1 قيد / 225.00 ج.م) | نوري 825 (2 قيد / 370.00 ج.م) | نوري1050 (5 قيد / 600.00 ج.م) | نوري1125 (3 قيد / 375.00 ج.م) | نوري1200 (6 قيد / 600.00 ج.م) | نوري1275 (3 قيد / 375.00 ج.م) | نوري1350 (6 قيد / 675.00 ج.م) | نوري1425 (4 قيد / 525.00 ج.م) | نوري150 (5 قيد / 675.00 ج.م) | نوري1500 (3 قيد / 225.00 ج.م) | نوري1575 (5 قيد / 750.00 ج.م) | نوري1650 (4 قيد / 825.00 ج.م) | نوري1725 (5 قيد / 450.00 ج.م) | نوري1800 (2 قيد / 150.00 ج.م) | نوري1950 (1 قيد / 225.00 ج.م) | نوري2025 (5 قيد / 975.00 ج.م) | نوري2100 (2 قيد / 150.00 ج.م) | نوري2175 (2 قيد / 225.00 ج.م) | نوري225 (4 قيد / 600.00 ج.م) | نوري2250 (3 قيد / 375.00 ج.م) | نوري2325 (2 قيد / 150.00 ج.م) | نوري2400 (3 قيد / 375.00 ج.م) | نوري2475 (3 قيد / 300.00 ج.م) | نوري2625 (2 قيد / 375.00 ج.م) | نوري2850 (2 قيد / 450.00 ج.م) | نوري2925 (1 قيد / 75.00 ج.م) | نوري300 (6 قيد / 975.00 ج.م) | نوري3000 (2 قيد / 300.00 ج.م) | نوري375 (6 قيد / 600.00 ج.م) | نوري3750 (1 قيد / 225.00 ج.م) | نوري450 (6 قيد / 825.00 ج.م) | نوري525 (6 قيد / 675.00 ج.م) | نوري600 (6 قيد / 675.00 ج.م) | نوري675 (5 قيد / 600.00 ج.م) | نوري75 (2 قيد / 150.00 ج.م) | نوري750 (2 قيد / 225.00 ج.م) | نوري825 (5 قيد / 675.00 ج.م) | نوري900 (5 قيد / 525.00 ج.م) | نوري975 (6 قيد / 825.00 ج.م)"
"اوفو","161","17555.00","2024-01-01","2026-06-09","اوفو (64 قيد / 8970.00 ج.م) | اوفو 1020 (1 قيد / 60.00 ج.م) | اوفو 360 (1 قيد / 60.00 ج.م) | اوفو 540 (1 قيد / 60.00 ج.م) | اوفو 60 (1 قيد / 60.00 ج.م) | اوفو 600 (1 قيد / 60.00 ج.م) | اوفو 85 (1 قيد / 85.00 ج.م) | اوفو1020 (1 قيد / 170.00 ج.م) | اوفو120 (8 قيد / 720.00 ج.م) | اوفو170 (3 قيد / 425.00 ج.م) | اوفو180 (8 قيد / 660.00 ج.م) | اوفو205 (1 قيد / 85.00 ج.م) | اوفو240 (9 قيد / 780.00 ج.م) | اوفو255 (2 قيد / 170.00 ج.م) | اوفو290 (1 قيد / 85.00 ج.م) | اوفو300 (8 قيد / 540.00 ج.م) | اوفو340 (1 قيد / 85.00 ج.م) | اوفو360 (6 قيد / 420.00 ج.م) | اوفو375 (1 قيد / 85.00 ج.م) | اوفو420 (3 قيد / 240.00 ج.م) | اوفو425 (1 قيد / 170.00 ج.م) | اوفو480 (4 قيد / 480.00 ج.م) | اوفو510 (1 قيد / 170.00 ج.م) | اوفو540 (6 قيد / 720.00 ج.م) | اوفو595 (2 قيد / 255.00 ج.م) | اوفو60 (4 قيد / 240.00 ج.م) | اوفو600 (6 قيد / 360.00 ج.م) | اوفو660 (3 قيد / 180.00 ج.م) | اوفو680 (2 قيد / 170.00 ج.م) | اوفو720 (1 قيد / 60.00 ج.م) | اوفو765 (2 قيد / 170.00 ج.م) | اوفو840 (2 قيد / 300.00 ج.م) | اوفو85 (1 قيد / 85.00 ج.م) | اوفو850 (2 قيد / 170.00 ج.م) | اوفو935 (1 قيد / 85.00 ج.م) | اوفو960 (1 قيد / 120.00 ج.م)"
"جولداي","116","13845.00","2024-01-17","2026-09-17","جولد اي (49 قيد / 5835.00 ج.م) | جولد أي (54 قيد / 6530.00 ج.م) | جولد اي 160 (1 قيد / 80.00 ج.م) | جولد اي 300 (1 قيد / 100.00 ج.م) | جولد اي 455 (1 قيد / 255.00 ج.م) | جولد اي100 (1 قيد / 100.00 ج.م) | جولد اي300 (1 قيد / 100.00 ج.م) | جولد اي400 (1 قيد / 100.00 ج.م) | جولد اي500 (1 قيد / 100.00 ج.م) | جولد اي600 (1 قيد / 100.00 ج.م) | جولد اي700 (1 قيد / 100.00 ج.م) | جولداي (4 قيد / 445.00 ج.م)"
"انستا","111","290485.00","2025-07-20","2026-09-16","انستا (110 قيد / 288435.00 ج.م) | انستا (1500+550) (1 قيد / 2050.00 ج.م)"
"شعاع","87","7345.00","2024-01-02","2026-09-15","شعاع (25 قيد / 2820.00 ج.م) | شعاع 360 (1 قيد / 60.00 ج.م) | شعاع120 (9 قيد / 660.00 ج.م) | شعاع180 (8 قيد / 540.00 ج.م) | شعاع240 (10 قيد / 720.00 ج.م) | شعاع300 (7 قيد / 420.00 ج.م) | شعاع325 (1 قيد / 85.00 ج.م) | شعاع360 (3 قيد / 180.00 ج.م) | شعاع420 (4 قيد / 300.00 ج.م) | شعاع480 (5 قيد / 480.00 ج.م) | شعاع540 (4 قيد / 240.00 ج.م) | شعاع60 (7 قيد / 420.00 ج.م) | شعاع660 (2 قيد / 300.00 ج.م) | شعاع780 (1 قيد / 120.00 ج.م)"
"ابويوسف","71","33500.00","2024-02-25","2026-09-16","ابو يوسف (19 قيد / 8270.00 ج.م) | أبو يوسف (43 قيد / 22170.00 ج.م) | أبو يوسف 5-9 (1 قيد / 250.00 ج.م) | ابويوسف (8 قيد / 2810.00 ج.م)"
"تعاقدالشروق","47","17040.00","2024-01-28","2026-09-07","تعاقد الشروق (47 قيد / 17040.00 ج.م)"
"بالطوهات","40","8455.00","2024-01-10","2026-04-30","بالطوهات (40 قيد / 8455.00 ج.م)"
"طه","40","5180.00","2024-07-21","2026-09-09","طه (40 قيد / 5180.00 ج.م)"
"البنات","39","59850.00","2024-03-25","2026-06-27","البنات (39 قيد / 59850.00 ج.م)"
"صافي","37","7020.00","2025-04-22","2026-09-07","صافي (37 قيد / 7020.00 ج.م)"
"ابوعمر","36","55490.00","2024-08-11","2026-09-02","أبو عمر (33 قيد / 52465.00 ج.م) | أبوعمر (1 قيد / 25.00 ج.م) | ابوعمر (2 قيد / 3000.00 ج.م)"
"كهربا","35","43785.00","2024-01-20","2025-12-21","كهربا (35 قيد / 43785.00 ج.م)"
"ايجاربطرس","33","877920.00","2024-01-02","2026-09-02","ايجار بطرس (32 قيد / 851320.00 ج.م) | ايجاربطرس (1 قيد / 26600.00 ج.م)"
"ايجارالشروق","31","602450.00","2024-01-04","2026-09-06","ايجار الشروق (30 قيد / 583200.00 ج.م) | ايجارالشروق (1 قيد / 19250.00 ج.م)"
"شاي","28","1577.00","2024-01-06","2026-07-27","شاي (28 قيد / 1577.00 ج.م)"
"فاتورهمياه","27","3995.00","2024-01-20","2026-08-23","فاتورة مياة (1 قيد / 230.00 ج.م) | فاتورة مياه (25 قيد / 3645.00 ج.م) | فاتورةمياه (1 قيد / 120.00 ج.م)"
"سكر","26","1586.00","2024-02-06","2026-09-07","2 سكر (1 قيد / 74.00 ج.م) | سكر (24 قيد / 1412.00 ج.م) | سكر2*50 (1 قيد / 100.00 ج.م)"
"النسبه","25","889213.00","2024-02-10","2026-09-10","النسبة (25 قيد / 889213.00 ج.م)"
"ابويوسفالدكتوره","24","13420.00","2024-01-24","2026-07-29","ابو يوسف - الدكتورة (1 قيد / 500.00 ج.م) | أبو يوسف / الدكتوره (3 قيد / 2050.00 ج.م) | ابو يوسف / الدكتوره (6 قيد / 1970.00 ج.م) | أبو يوسف الدكتورة (1 قيد / 150.00 ج.م) | ابو يوسف الدكتورة (4 قيد / 1800.00 ج.م) | ابو يوسف الدكتوره (1 قيد / 400.00 ج.م) | أبو يوسف-الدكتورة (4 قيد / 3300.00 ج.م) | ابو يوسف/الدكتورة (1 قيد / 400.00 ج.م) | ابو يوسف/الدكتوره (1 قيد / 150.00 ج.م) | أبو يوسف/الدكتوره (1 قيد / 2000.00 ج.م) | ابويوسف /الدكتوره (1 قيد / 700.00 ج.م)"
"شايوسكر","24","2852.00","2024-05-21","2026-09-01","شاي و سكر (1 قيد / 125.00 ج.م) | شاي وسكر (23 قيد / 2727.00 ج.م)"
"شفتفني","23","3557.00","2025-06-02","2026-09-15","شفت فني (22 قيد / 3401.00 ج.م) | شفت فني2-6 (1 قيد / 156.00 ج.م)"
"مواصلاتالصواف","23","590.00","2024-05-15","2026-08-11","مواصلات  الصواف (1 قيد / 60.00 ج.م) | مواصلات الصواف (22 قيد / 530.00 ج.م)"
"سكرك","21","1686.00","2024-01-23","2025-12-30","سكر 2 ك (9 قيد / 695.00 ج.م) | سكر 2 ك*37 (1 قيد / 75.00 ج.م) | سكر 2ك (4 قيد / 344.00 ج.م) | سكر 3 ك (1 قيد / 85.00 ج.م) | سكر ك*40 (1 قيد / 40.00 ج.م) | سكر2 ك (3 قيد / 223.00 ج.م) | سكر2ك (1 قيد / 74.00 ج.م) | سكر4 ك (1 قيد / 150.00 ج.م)"
"مرتبات","19","1112105.00","2024-06-30","2026-07-01","مرتبات (19 قيد / 1112105.00 ج.م)"
"منظفات","19","4336.00","2024-01-31","2026-08-01","منظفات (19 قيد / 4336.00 ج.م)"
"عمسعيدالبواب","18","18250.00","2024-01-01","2025-11-01","عم سعيد البواب (10 قيد / 10250.00 ج.م) | عم سعيد-البواب (1 قيد / 1000.00 ج.م) | عم سعيدالبواب (7 قيد / 7000.00 ج.م)"
"كهرباءالدار","17","33080.00","2024-05-21","2026-07-15","كهرباء الدار (14 قيد / 27440.00 ج.م) | كهرباءالدار (3 قيد / 5640.00 ج.م)"
"الشناوي","16","12220.00","2025-07-30","2026-08-20","الشناوي (16 قيد / 12220.00 ج.م)"
"مواصلاتطهالصواف","16","340.00","2024-06-24","2025-12-29","مواصلات طه الصواف (16 قيد / 340.00 ج.م)"
"مكافاهدالسعدني","15","215650.00","2024-06-10","2026-08-10","مكافأة د السعدني (15 قيد / 215650.00 ج.م)"
"مواصلاتالملفات","15","560.00","2026-01-19","2026-09-15","مواصلات الملفات (15 قيد / 560.00 ج.م)"
"شهريهجاد","14","53000.00","2024-03-21","2026-07-15","شهرية جاد (14 قيد / 53000.00 ج.م)"
"ابويوسفبنزين","14","13420.00","2024-11-06","2026-01-17","أبو يوسف / بنزين (1 قيد / 1000.00 ج.م) | ابو يوسف / بنزين (1 قيد / 800.00 ج.م) | ابو يوسف بنزين (5 قيد / 4100.00 ج.م) | أبو يوسف بنزين (5 قيد / 5520.00 ج.م) | أبو يوسف/ بنزين (1 قيد / 1000.00 ج.م) | ابويوسف -بنزين (1 قيد / 1000.00 ج.م)"
"شفت","14","2181.00","2025-08-11","2026-01-25","شفت (14 قيد / 2181.00 ج.م)"
"تحتحسابالعياده","13","262544.00","2024-03-02","2026-09-01","تحت حساب العيادة (13 قيد / 262544.00 ج.م)"
"اممحمود","13","14050.00","2025-08-27","2026-07-28","ام محمود (11 قيد / 13600.00 ج.م) | ام محمود-14-10 (2 قيد / 450.00 ج.م)"
"اورانج","13","3135.00","2024-01-04","2026-05-05","اورانج (13 قيد / 3135.00 ج.م)"
"مواصلاتابنسينا","13","1750.00","2024-03-20","2026-06-07","مواصلات  ابن سينا (5 قيد / 680.00 ج.م) | مواصلات ابن سينا (8 قيد / 1070.00 ج.م)"
"دالسعدني","12","270300.00","2024-01-04","2026-07-11","د السعدني (9 قيد / 38730.00 ج.م) | د. السعدني (1 قيد / 180000.00 ج.م) | دالسعدني (2 قيد / 51570.00 ج.م)"
"دالسعدنينقدا","12","104050.00","2024-02-25","2026-09-20","د السعدني -نقدا (1 قيد / 25000.00 ج.م) | د السعدني نقدا (11 قيد / 79050.00 ج.م)"
"رضا","12","11610.00","2026-01-31","2026-08-23","رضا (12 قيد / 11610.00 ج.م)"
"اوردرالسعدني","12","9520.00","2025-07-22","2025-11-06","اوردر السعدني (12 قيد / 9520.00 ج.م)"
"تامينات","11","231068.00","2024-01-10","2026-07-22","تامينات (2 قيد / 34058.00 ج.م) | تأمينات (9 قيد / 197010.00 ج.م)"
"نتالشروق","10","2700.00","2024-02-28","2026-08-03","نت الشروق (10 قيد / 2700.00 ج.م)"
"عمسعيد","9","11250.00","2025-10-01","2026-08-01","عم سعيد (9 قيد / 11250.00 ج.م)"
"اورانجفودافون","9","8735.00","2024-12-07","2026-08-05","اورانج + فودافون (1 قيد / 1075.00 ج.م) | اورانج +فودافون (2 قيد / 2290.00 ج.م) | اورانج+فودافون (5 قيد / 4410.00 ج.م) | اورانج260+فودافون700 (1 قيد / 960.00 ج.م)"
"بالطوهاتمواصلاتابنسينا","9","4720.00","2026-01-01","2026-09-05","بالطوهات+مواصلات ابن سينا (9 قيد / 4720.00 ج.م)"
"مرضا","9","1230.00","2024-07-27","2026-04-11","م رضا (1 قيد / 650.00 ج.م) | م.رضا (6 قيد / 500.00 ج.م) | م/رضا (2 قيد / 80.00 ج.م)"
"علاجدالسعدني","9","830.00","2024-03-03","2026-06-23","علاج د السعدني (6 قيد / 530.00 ج.م) | علاج دالسعدني (3 قيد / 300.00 ج.م)"
"رسالهدمحمد","9","450.00","2025-06-22","2026-09-08","رسالة د محمد (4 قيد / 200.00 ج.م) | رسالة دمحمد (1 قيد / 50.00 ج.م) | رسالة- د محمد (3 قيد / 150.00 ج.م) | رسالة-دمحمد (1 قيد / 50.00 ج.م)"
"تحتحسابالعيادهشهر","8","169700.00","2024-01-01","2026-04-30","تحت حساب العيادة شهر10 (1 قيد / 29000.00 ج.م) | تحت حساب العيادة شهر11 (1 قيد / 21500.00 ج.م) | تحت حساب العيادة شهر12 (1 قيد / 17000.00 ج.م) | تحت حساب العيادة شهر4 (1 قيد / 39000.00 ج.م) | تحت حساب العيادة شهر7 (1 قيد / 10000.00 ج.م) | تحت حساب العيادة شهر8 (1 قيد / 10000.00 ج.م) | تحت حساب العيادة شهر9 (1 قيد / 26100.00 ج.م) | تحت حساب العيادةشهر5 (1 قيد / 17100.00 ج.م)"
"المكافاه","8","117800.00","2024-05-09","2026-09-10","المكافأة (8 قيد / 117800.00 ج.م)"
"انستاباي","8","22665.00","2025-08-07","2026-09-20","انستا باي (4 قيد / 11230.00 ج.م) | انستاباي (4 قيد / 11435.00 ج.م)"
"اوردرالدكتوره","8","14005.00","2025-08-02","2026-03-24","اوردر الدكتورة (2 قيد / 3180.00 ج.م) | اوردر الدكتوره (6 قيد / 10825.00 ج.م)"
"طردمصطفيالسعدني","8","5550.00","2024-05-24","2025-12-10","طرد مصطفى السعدني (8 قيد / 5550.00 ج.م)"
"اضافيصافي","8","3472.00","2024-01-10","2025-09-10","إضافي صافي (1 قيد / 63.00 ج.م) | اضافي صافي (7 قيد / 3409.00 ج.م)"
"صافيتمالسداد","8","1390.00","2024-01-22","2025-06-14","صافي/تم السداد (4 قيد / 690.00 ج.م) | صافي/تم السداد10-12 (1 قيد / 100.00 ج.م) | صافي/تم السداد17-6 (1 قيد / 300.00 ج.م) | صافي/تم السداد4-11 (1 قيد / 100.00 ج.م) | صافي/تمالسداد10-6 (1 قيد / 200.00 ج.م)"
"صيانهفلتر","8","1300.00","2024-01-08","2026-06-04","صيانة فلتر (8 قيد / 1300.00 ج.م)"
"ريهام","7","6900.00","2025-09-15","2026-08-17","ريهام (7 قيد / 6900.00 ج.م)"
"دوادالسعدني","7","3513.00","2024-10-12","2025-10-12","دوا د السعدني (7 قيد / 3513.00 ج.م)"
"عصام","7","2030.00","2025-08-11","2026-08-24","عصام (7 قيد / 2030.00 ج.م)"
"السعدنيالبيت","6","452000.00","2025-06-25","2025-09-22","السعدني / البيت (2 قيد / 150000.00 ج.م) | السعدني البيت (4 قيد / 302000.00 ج.م)"
"المرتبات","6","346010.00","2024-01-01","2026-09-01","المرتبات (6 قيد / 346010.00 ج.م)"
"مرتبمحمود","6","22000.00","2026-02-04","2026-08-02","مرتب محمود (6 قيد / 22000.00 ج.م)"
"البواب","6","6500.00","2024-05-01","2026-09-01","البواب (6 قيد / 6500.00 ج.م)"
"اوردردالسعدني","6","5920.00","2025-02-11","2025-10-23","اوردر د السعدني (6 قيد / 5920.00 ج.م)"
"بنزينابويوسف","6","5500.00","2025-03-26","2026-03-10","بنزين أبو يوسف (1 قيد / 1200.00 ج.م) | بنزين ابو يوسف (2 قيد / 1600.00 ج.م) | بنزين ابويوسف (1 قيد / 1000.00 ج.م) | بنزين-أبو يوسف (2 قيد / 1700.00 ج.م)"
"انستامصطفيالسعدني","6","4435.00","2025-07-29","2026-01-04","انستا مصطفى السعدني (6 قيد / 4435.00 ج.م)"
"داليا","6","3940.00","2024-10-01","2026-05-04","داليا (6 قيد / 3940.00 ج.م)"
"فودافون","6","3870.00","2024-01-04","2026-05-05","فودافون (5 قيد / 3090.00 ج.م) | فودافون8-9 (1 قيد / 780.00 ج.م)"
"مواصلات","6","200.00","2024-07-08","2026-08-18","مواصلات (6 قيد / 200.00 ج.م)"
"العيديه","5","37200.00","2024-06-11","2026-05-20","العيدية (3 قيد / 29000.00 ج.م) | العيدية01*200 (1 قيد / 4000.00 ج.م) | العيدية21*200 (1 قيد / 4200.00 ج.م)"
"الشروق","5","8640.00","2026-01-26","2026-09-16","الشروق (5 قيد / 8640.00 ج.م)"
"اورانجوفودافون","5","3620.00","2024-07-01","2026-06-04","اورانج وفودافون (5 قيد / 3620.00 ج.م)"
"فودافوندالسعدني","5","1945.00","2024-02-05","2024-11-05","فودافون د السعدني (1 قيد / 390.00 ج.م) | فودافون+د السعدني (4 قيد / 1555.00 ج.م)"
"كسكر","5","276.00","2024-01-04","2025-06-11","2 ك سكر (1 قيد / 74.00 ج.م) | 2ك سكر (1 قيد / 54.00 ج.م) | 37*2 ك سكر (1 قيد / 74.00 ج.م) | ك سكر (2 قيد / 74.00 ج.م)"
"مواصلاتالصوافمرتين","5","200.00","2024-01-08","2025-10-11","مواصلات الصواف مرتين (5 قيد / 200.00 ج.م)"
"شاياخضر","5","155.00","2024-01-13","2025-06-15","شاي اخضر (5 قيد / 155.00 ج.م)"
"ينسون","5","152.00","2025-09-03","2026-09-15","ينسون (5 قيد / 152.00 ج.م)"
"طهالصواف","5","100.00","2024-09-30","2026-01-05","طه  الصواف (1 قيد / 20.00 ج.م) | طه الصواف (4 قيد / 80.00 ج.م)"
"ليدمصطفيالسعدني","4","440000.00","2024-07-03","2024-09-18","ليد مصطفي السعدني (4 قيد / 440000.00 ج.م)"
"مرتباتالمركز","4","230700.00","2025-02-26","2025-07-31","مرتبات المركز (4 قيد / 230700.00 ج.م)"
"نسبهشهر","4","150379.00","2024-10-10","2026-02-10","نسبة شهر 1 (1 قيد / 37057.00 ج.م) | نسبة شهر 10 (1 قيد / 30407.00 ج.م) | نسبة شهر10 (1 قيد / 46790.00 ج.م) | نسبة شهر9 (1 قيد / 36125.00 ج.م)"
"العياده","4","104350.00","2025-06-01","2026-04-01","العيادة (4 قيد / 104350.00 ج.م)"
"فيزاالبنكالاهلي","4","80000.00","2024-11-24","2026-08-02","فيزا البنك الأهلي (1 قيد / 5000.00 ج.م) | فيزا البنك الاهلي (3 قيد / 75000.00 ج.م)"
"اللسته","4","66750.00","2026-01-27","2026-02-10","اللستة (3 قيد / 27375.00 ج.م) | اللسته (1 قيد / 39375.00 ج.م)"
"ميناتورزدالسعدني","4","60450.00","2024-02-17","2025-01-22","مينا تورز د السعدني (2 قيد / 33150.00 ج.م) | ميناتورز د السعدني (2 قيد / 27300.00 ج.م)"
"السعدنيالعربيه","4","19600.00","2025-07-26","2025-10-27","السعدني / العربيه (1 قيد / 950.00 ج.م) | السعدني /العربية (1 قيد / 8150.00 ج.م) | السعدني/العربيه (2 قيد / 10500.00 ج.م)"
"(بدون بيان)","4","16565.00","2025-01-23","2025-12-10","(بدون بيان) (4 قيد / 16565.00 ج.م)"
"محمدرمضان","4","8050.00","2024-11-12","2026-02-02","محمد رمضان (4 قيد / 8050.00 ج.م)"
"كفرالشيخ","4","7300.00","2024-09-12","2025-06-01","كفر الشيخ (1 قيد / 7000.00 ج.م) | كفر الشيخ. (1 قيد / 100.00 ج.م) | كفر الشيخ/ (1 قيد / 100.00 ج.م) | كفرالشيخ (1 قيد / 100.00 ج.م)"
"نسبهدسعيدشهر","4","5090.00","2026-04-05","2026-09-01","نسبة د سعيد شهر 5 (1 قيد / 900.00 ج.م) | نسبة د سعيد شهر 7 (1 قيد / 1990.00 ج.م) | نسبة د سعيد شهر8 (1 قيد / 720.00 ج.م) | نسبة دسعيد شهر3 (1 قيد / 1480.00 ج.م)"
"اورانجفودافوندالسعدني","4","4220.00","2025-08-04","2026-01-05","اورانج+فودافون/د السعدني (2 قيد / 2180.00 ج.م) | اورانج+فودافون+د السعدني (2 قيد / 2040.00 ج.م)"
"هدير","4","3400.00","2025-12-29","2026-09-13","هدير (4 قيد / 3400.00 ج.م)"
"اممحمودتمالسداد","4","2900.00","2024-01-14","2025-06-03","ام محمود/تم السداد (1 قيد / 100.00 ج.م) | ام محمود/تم السداد10-6 (1 قيد / 1000.00 ج.م) | ام محمود/تم السداد22-12 (1 قيد / 600.00 ج.م) | ام محمود/تمالسداد22-12 (1 قيد / 1200.00 ج.م)"
"مناديل","4","2825.00","2024-03-13","2026-02-18","مناديل (2 قيد / 1580.00 ج.م) | مناديل 1*285+1*315 (1 قيد / 595.00 ج.م) | مناديل 2*325 (1 قيد / 650.00 ج.م)"
"صيانهتكييفات","4","2400.00","2024-04-18","2026-06-14","صيانة تكييفات (4 قيد / 2400.00 ج.م)"
"طرددالسعدني","4","1680.00","2025-03-10","2025-07-29","طرد د السعدني (4 قيد / 1680.00 ج.م)"
"هديرتمالسداد","4","1500.00","2024-10-10","2025-05-28","هدير/تم السداد (1 قيد / 100.00 ج.م) | هدير/تم السداد1-6 (1 قيد / 150.00 ج.م) | هدير/تم السداد10-4 (1 قيد / 250.00 ج.م) | هدير/تم السداد9-10 (1 قيد / 1000.00 ج.م)"
"اضافيصافيشهر","4","1351.00","2024-03-11","2025-08-17","اضافي صافي شهر 2 (1 قيد / 786.00 ج.م) | اضافي صافي شهر 4 (1 قيد / 308.00 ج.م) | اضافي صافي شهر 5 (1 قيد / 187.00 ج.م) | إضافي صافي شهر 7 (1 قيد / 70.00 ج.م)"
"نورا","4","1150.00","2025-11-29","2026-06-24","نورا (4 قيد / 1150.00 ج.م)"
"اضافيساره","4","872.00","2024-10-08","2025-02-05","اضافي سارة (2 قيد / 362.00 ج.م) | اضافي ساره (2 قيد / 510.00 ج.م)"
"قهوهابوعمر","4","790.00","2026-01-20","2026-06-23","قهوة أبو عمر (2 قيد / 510.00 ج.م) | قهوه أبو عمر (2 قيد / 280.00 ج.م)"
"قهوهالسعدني","4","745.00","2024-12-18","2025-12-21","قهوة السعدني (1 قيد / 155.00 ج.م) | قهوه السعدني (3 قيد / 590.00 ج.م)"
"فيمتو","4","400.00","2025-09-01","2026-09-01","فيمتو (2 قيد / 200.00 ج.م) | فيمتو 26-8 (1 قيد / 100.00 ج.م) | فيمتو/ (1 قيد / 100.00 ج.م)"
"اقلام","4","214.00","2024-01-31","2025-09-08","أقلام (1 قيد / 90.00 ج.م) | اقلام (2 قيد / 84.00 ج.م) | اقلام 12 (1 قيد / 40.00 ج.م)"
"رسالهنورا","4","200.00","2025-12-28","2026-05-21","رسالة نورا (2 قيد / 100.00 ج.م) | رسالة-نورا (2 قيد / 100.00 ج.م)"
"باتيهدالسعدني","4","85.00","2024-02-22","2024-06-26","باتيه د السعدني (4 قيد / 85.00 ج.م)"
"مواصلاتمصطفيالصواف","4","80.00","2024-07-15","2025-02-17","مواصلات مصطفى الصواف (4 قيد / 80.00 ج.م)"
"دالسعدنيفيزاcib","3","43050.00","2024-02-05","2026-02-04","د السعدني  فيزا CIB (1 قيد / 20000.00 ج.م) | د السعدني فيزا cib 15000-9230-2720 (1 قيد / 3050.00 ج.م) | د. السعدني فيزا cib (1 قيد / 20000.00 ج.م)"
"دالياالشروق","3","12420.00","2024-09-05","2025-08-25","داليا الشروق (3 قيد / 12420.00 ج.م)"
"دسعيد","3","8000.00","2025-08-31","2026-03-24","د سعيد (2 قيد / 5000.00 ج.م) | د/ سعيد (1 قيد / 3000.00 ج.م)"
"دمحمدعبدالرحيم","3","6250.00","2025-06-18","2026-05-13","د محمد عبدالرحيم (3 قيد / 6250.00 ج.م)"
"كهرباالدارتم","3","5640.00","2024-09-18","2024-12-18","كهربا الدار تم (2 قيد / 3760.00 ج.م) | كهربا الدار/تم (1 قيد / 1880.00 ج.م)"
"مريم","3","3000.00","2026-05-13","2026-08-16","مريم (3 قيد / 3000.00 ج.م)"
"نورالاولالشهر","3","3000.00","2025-02-08","2026-01-20","نورا لأول الشهر (1 قيد / 1000.00 ج.م) | نورا لاول الشهر (2 قيد / 2000.00 ج.م)"
"انستابايمصطفيالسعدني","3","1875.00","2025-01-04","2025-07-15","انستا باي مصطفى السعدني (2 قيد / 1010.00 ج.م) | انستاباي مصطفى السعدني (1 قيد / 865.00 ج.م)"
"قطرات","3","1830.00","2025-07-27","2026-02-04","قطرات (2 قيد / 190.00 ج.م) | قطرات 40 (1 قيد / 1640.00 ج.م)"
"عجز","3","1669.00","2025-09-11","2026-02-03","عجز (3 قيد / 1669.00 ج.م)"
"شفتدهبه","3","1650.00","2025-08-06","2025-08-25","شفت د هبة (3 قيد / 1650.00 ج.م)"
"اوردرمصطفيالسعدني","3","1640.00","2025-08-31","2025-10-14","اوردر مصطفى السعدني (3 قيد / 1640.00 ج.م)"
"ابويوسفدالسعدني","3","1550.00","2025-08-10","2026-02-01","أبو يوسف / د السعدني (1 قيد / 150.00 ج.م) | أبو يوسف د السعدني (1 قيد / 1000.00 ج.م) | أبو يوسف-د السعدني (1 قيد / 400.00 ج.م)"
"الجمعيهدالسعدني","3","1500.00","2025-01-04","2025-11-01","الجمعية د السعدني (1 قيد / 500.00 ج.م) | الجمعية/دالسعدني (2 قيد / 1000.00 ج.م)"
"محاليل","3","1440.00","2024-12-04","2025-02-16","محاليل (2 قيد / 720.00 ج.م) | محاليل40*18 (1 قيد / 720.00 ج.م)"
"دالسعدنيابويوسف","3","1400.00","2024-08-06","2025-09-28","د السعدني أبو يوسف (1 قيد / 250.00 ج.م) | دالسعدني ابو يوسف (1 قيد / 1100.00 ج.م) | دالسعدني أبو يوسف (1 قيد / 50.00 ج.م)"
"ميادهتمالسداد","3","1400.00","2025-07-26","2025-08-25","مياده تم السداد (3 قيد / 1400.00 ج.م)"
"بلاطيمواصلات","3","1385.00","2025-09-06","2025-10-16","275 بلاطي / 240 مواصلات (1 قيد / 515.00 ج.م) | بلاطي 275/160 مواصلات (2 قيد / 870.00 ج.م)"
"طلباتللدكتوره","3","840.00","2025-04-13","2025-09-16","طلبات للدكتورة (3 قيد / 840.00 ج.م)"
"مرتجعقطرات","3","530.00","2025-02-01","2026-07-28","مرتجع قطرات (3 قيد / 530.00 ج.م)"
"مياه","3","504.00","2024-04-17","2025-12-28","مياه (3 قيد / 504.00 ج.م)"
"شفتفنيالاتنين","3","469.00","2025-04-28","2025-08-04","شفت فني الاتنين26-5 (1 قيد / 156.00 ج.م) | شفت فني الاتنين28-4 (1 قيد / 158.00 ج.م) | شفت فني الاتنين4-8 (1 قيد / 155.00 ج.م)"
"شايوسكرالشروق","3","442.00","2024-12-30","2026-03-29","شاي و2سكر الشروق (1 قيد / 117.00 ج.م) | شاي وسكر الشروق (2 قيد / 325.00 ج.م)"
"طردابوعمر","3","400.00","2026-05-16","2026-06-24","طرد أبو عمر (1 قيد / 150.00 ج.م) | طرد ابوعمر (2 قيد / 250.00 ج.م)"
"صيانهتكييف","3","350.00","2025-08-10","2026-02-01","صيانة تكييف (3 قيد / 350.00 ج.م)"
"جولدزاي","3","300.00","2024-04-14","2024-05-24","جولدز اي (2 قيد / 200.00 ج.م) | جولدز اي 600 (1 قيد / 100.00 ج.م)"
"سكروشاي","3","259.00","2024-07-27","2026-08-16","سكر وشاي (3 قيد / 259.00 ج.م)"
"دالسعدنيرضويكفرالشيخ","3","210.00","2024-10-22","2024-10-29","د السعدني رضوى كفر الشيخ (3 قيد / 210.00 ج.م)"
"حجاره","3","112.00","2024-09-11","2026-02-16","حجارة (2 قيد / 82.00 ج.م) | حجاره (1 قيد / 30.00 ج.م)"
"لزق","3","82.00","2024-03-07","2026-08-24","لزق (3 قيد / 82.00 ج.م)"
"عصير","3","60.00","2026-05-10","2026-05-13","عصير (3 قيد / 60.00 ج.م)"
"خل","3","51.00","2024-09-15","2026-07-09","خل (3 قيد / 51.00 ج.م)"
"كوريكتور","3","37.00","2024-02-21","2025-11-16","كوريكتور (3 قيد / 37.00 ج.م)"
"مصطفيالسعدني","2","282000.00","2024-02-10","2026-06-24","مصطفى السعدني (1 قيد / 100000.00 ج.م) | مصطفى السعدني 2800$*65 (1 قيد / 182000.00 ج.م)"
"البيت","2","200000.00","2026-01-29","2026-07-20","البيت (2 قيد / 200000.00 ج.م)"
"باقيالمرتبات","2","90173.00","2024-03-05","2025-05-01","باقي المرتبات (2 قيد / 90173.00 ج.م)"
"اسطوانهالجهاز","2","66000.00","2025-02-25","2025-08-17","أسطوانة الجهاز (1 قيد / 33000.00 ج.م) | اسطوانة الجهاز (1 قيد / 33000.00 ج.م)"
"التامينات","2","60250.00","2025-01-15","2025-06-23","التأمينات (1 قيد / 30000.00 ج.م) | التامينات (1 قيد / 30250.00 ج.م)"
"دالسعدنيفيزاالبنكالاهلي","2","55000.00","2026-01-24","2026-02-23","د السعدني  فيزا البنك الأهلي (2 قيد / 55000.00 ج.م)"
"منحسابالنسبه","2","43079.00","2024-01-09","2026-03-10","من حساب النسبة (2 قيد / 43079.00 ج.م)"
"الايجار","2","40450.00","2025-08-04","2025-10-05","الايجار (2 قيد / 40450.00 ج.م)"
"حالهمياهبيضا","2","40000.00","2026-08-11","2026-08-25","حالة مياة بيضا (1 قيد / 20000.00 ج.م) | حالة مياه بيضا (1 قيد / 20000.00 ج.م)"
"منحسابتصليحجهازالفاكوواصلمتبقيتمالسدادك","2","40000.00","2024-09-04","2024-09-10","من حساب تصليح جهاز الفاكو (واصل 140 متبقي 40)/تم السداد ك (1 قيد / 20000.00 ج.م) | من حساب تصليح جهاز الفاكو (واصل 160 متبقي 20)/تم السداد ك (1 قيد / 20000.00 ج.م)"
"فيزاcib","2","32000.00","2024-05-04","2024-12-02","فيزا cib (2 قيد / 32000.00 ج.م)"
"حسابالفيس","2","31000.00","2024-06-23","2024-08-19","حساب الفيس (2 قيد / 31000.00 ج.م)"
"البناتدالسعدني","2","11500.00","2024-02-05","2026-02-23","البنات د السعدني (1 قيد / 1500.00 ج.م) | البنات/ د السعدني (1 قيد / 10000.00 ج.م)"
"دالسعدنيميناتورز","2","11500.00","2025-02-11","2025-06-02","د السعدني / مينا تورز (1 قيد / 6500.00 ج.م) | د. السعدني / مينا تورز (1 قيد / 5000.00 ج.م)"
"بسيوني","2","9600.00","2025-09-06","2025-09-28","بسيوني (2 قيد / 9600.00 ج.م)"
"تابللعياده","2","8700.00","2025-07-15","2025-07-27","تاب للعياده (2 قيد / 8700.00 ج.م)"
"قسطالدكتوره","2","7900.00","2026-04-14","2026-05-06","قسط الدكتورة (1 قيد / 2900.00 ج.م) | قسط الدكتوره (1 قيد / 5000.00 ج.م)"
"جاوناتجوانتي","2","7170.00","2024-01-21","2024-05-28","جاونات100*21+4 جوانتي*875 (1 قيد / 5600.00 ج.م) | جاونات50*17+جوانتي4*180 (1 قيد / 1570.00 ج.م)"
"الدكتورهقسطامان","2","7100.00","2025-09-03","2026-02-10","الدكتوره / قسط امان (2 قيد / 7100.00 ج.م)"
"هشامالسعدني","2","7000.00","2025-10-18","2026-02-11","هشام السعدني (2 قيد / 7000.00 ج.م)"
"جاد","2","6600.00","2024-04-21","2024-10-08","جاد (2 قيد / 6600.00 ج.م)"
"السعدنيالدكتوره","2","6550.00","2025-08-16","2025-12-01","السعدني/الدكتورة (1 قيد / 5550.00 ج.م) | السعدني/الدكتوره (1 قيد / 1000.00 ج.م)"
"دالسعدنيكهرباءالدار","2","4880.00","2024-04-18","2026-09-14","د السعدني  كهرباء الدار (1 قيد / 1880.00 ج.م) | د السعدني-كهرباء الدار (1 قيد / 3000.00 ج.م)"
"الدكتورهتابروير","2","4800.00","2025-08-02","2025-08-27","الدكتوره/تابروير (2 قيد / 4800.00 ج.م)"
"تحتحسابجاونات","2","4400.00","2025-02-23","2026-08-06","تحت حساب جاونات (2 قيد / 4400.00 ج.م)"
"الجمعياتدالسعدني","2","4000.00","2024-12-01","2025-01-29","الجمعيات د السعدني (2 قيد / 4000.00 ج.م)"
"جمعيهالرضوانامحمدسلطان","2","4000.00","2025-03-29","2025-08-02","جمعية الرضوان +ا محمد سلطان (1 قيد / 2000.00 ج.م) | جمعية الرضوان+ا محمد سلطان (1 قيد / 2000.00 ج.م)"
"دالسعدنيعبدالحميد","2","4000.00","2025-03-11","2025-07-20","د السعدني عبدالحميد (2 قيد / 4000.00 ج.م)"
"كهرباالدار","2","3760.00","2025-03-15","2025-08-19","كهربا الدار (2 قيد / 3760.00 ج.م)"
"ابويوسفتغييرزيت","2","3750.00","2025-08-05","2026-04-15","أبو يوسف تغيير زيت (2 قيد / 3750.00 ج.م)"
"تحتحسابورق","2","3500.00","2025-07-08","2026-08-25","تحت حساب ورق (2 قيد / 3500.00 ج.م)"
"هشام","2","3500.00","2024-07-21","2026-01-29","هشام (2 قيد / 3500.00 ج.م)"
"سلفهمحمودتمالتسويه","2","2350.00","2024-03-14","2024-04-28","سلفة محمود تم التسويه 28-4 (1 قيد / 1150.00 ج.م) | سلفة محمود تم التسويه 28-5 (1 قيد / 1200.00 ج.م)"
"ابويوسفبنزينوبسطرمه","2","2250.00","2025-06-28","2025-08-03","ابو يوسف / بنزين و بسطرمه (1 قيد / 1000.00 ج.م) | أبو يوسف بنزين و بسطرمه (1 قيد / 1250.00 ج.م)"
"نسبهكشفدسعيد","2","2200.00","2025-03-12","2026-02-01","نسبة 12 كشف د سعيد (1 قيد / 2060.00 ج.م) | نسبة كشف د سعيد (1 قيد / 140.00 ج.م)"
"السعدنياوردر","2","1850.00","2025-09-02","2025-09-02","السعدني / اوردر (1 قيد / 350.00 ج.م) | السعدني اوردر (1 قيد / 1500.00 ج.م)"
"اوردرابوعمر","2","1810.00","2026-06-07","2026-06-27","اوردر أبو عمر (2 قيد / 1810.00 ج.م)"
"السعدنيليكويد","2","1780.00","2024-10-26","2025-10-11","السعدني / ليكويد (2 قيد / 1780.00 ج.م)"
"اكياسزباله","2","1540.00","2024-06-22","2026-06-20","أكياس زباله (1 قيد / 1500.00 ج.م) | اكياس زباله (1 قيد / 40.00 ج.م)"
"نورالاولالشهرتمالسداد","2","1500.00","2024-07-20","2025-04-29","نورا لاول الشهر/تم السداد (1 قيد / 500.00 ج.م) | نورا لاول الشهر/تم السداد3-8 (1 قيد / 1000.00 ج.م)"
"ادواتمكتبيه","2","1454.00","2024-02-14","2024-07-10","ادوات مكتبية (2 قيد / 1454.00 ج.م)"
"صيانهطابعه","2","1350.00","2024-08-13","2025-06-11","صيانة طابعة (1 قيد / 500.00 ج.م) | صيانةطابعة (1 قيد / 850.00 ج.م)"
"ورقجراممواصلات","2","1325.00","2025-05-06","2025-05-07","ورق جرام80*5*130+مواصلات(650+40) (1 قيد / 690.00 ج.م) | ورق70 جرام5*120+مواصلات (1 قيد / 635.00 ج.م)"
"محلول","2","1240.00","2024-01-21","2024-05-29","محلول 12*40 (1 قيد / 480.00 ج.م) | محلول19*40 (1 قيد / 760.00 ج.م)"
"ابويوسفدرهبسطرمه","2","1065.00","2025-12-28","2026-01-25","ابو يوسف / دره + بسطرمه (1 قيد / 600.00 ج.م) | أبو يوسف/ دره بسطرمه (1 قيد / 465.00 ج.م)"
"محلولملح","2","1065.00","2024-08-13","2024-09-11","محلول ملح (2 قيد / 1065.00 ج.م)"
"منظفاتالشروق","2","1037.00","2024-10-01","2026-06-28","منظفات الشروق (2 قيد / 1037.00 ج.م)"
"بالطوهاتمابنسينا","2","1030.00","2026-06-04","2026-08-06","بالطوهات+م.ابن سينا (2 قيد / 1030.00 ج.م)"
"مواصلاتابنسينابالطوهات","2","1030.00","2026-01-15","2026-02-12","مواصلات ابن سينا+بالطوهات (2 قيد / 1030.00 ج.م)"
"تصليحزجاج","2","1000.00","2024-08-01","2024-10-08","تصليح زجاج (2 قيد / 1000.00 ج.م)"
"عدساتشهريه","2","940.00","2025-11-18","2025-11-19","عدسات شهريه 2 (2 قيد / 940.00 ج.م)"
"اوردرهشام","2","840.00","2025-10-07","2025-10-13","اوردر هشام (2 قيد / 840.00 ج.م)"
"كوباياتمواصلات","2","810.00","2024-08-06","2025-06-19","كوبايات+ 40 مواصلات (1 قيد / 400.00 ج.م) | كوبايات+مواصلات (1 قيد / 410.00 ج.م)"
"فلترالشروق","2","800.00","2024-08-06","2025-09-28","فلتر الشروق (2 قيد / 800.00 ج.م)"
"باقينسبدسعيد","2","750.00","2025-12-01","2025-12-31","باقي نسب د سعيد (2 قيد / 750.00 ج.م)"
"انستاابوعمر","2","720.00","2026-02-01","2026-02-03","انستا ابوعمر (2 قيد / 720.00 ج.م)"
"قطرهبينوكس","2","660.00","2026-04-09","2026-09-10","30 قطرة بينوكس (2 قيد / 660.00 ج.م)"
"باورالسيرفر","2","600.00","2025-04-12","2025-07-10","باور السيرفر (2 قيد / 600.00 ج.م)"
"قطراتبينوكس","2","580.00","2026-02-15","2026-07-06","قطرات بينوكس (1 قيد / 220.00 ج.م) | قطراتبينوكس12*30 (1 قيد / 360.00 ج.م)"
"البالطو","2","550.00","2025-07-26","2025-11-15","البالطو (2 قيد / 550.00 ج.م)"
"عمولهتامينات","2","550.00","2026-02-01","2026-07-26","عمولة تأمينات (2 قيد / 550.00 ج.م)"
"فلتر","2","525.00","2024-10-07","2025-11-24","فلتر (2 قيد / 525.00 ج.م)"
"فاتورهنتالشروق","2","460.00","2024-07-02","2025-05-04","فاتورة نت الشروق (2 قيد / 460.00 ج.م)"
"ساره","2","450.00","2026-06-16","2026-08-16","سارة (2 قيد / 450.00 ج.م)"
"صافيلاولالشهرتمالسداد","2","400.00","2024-07-23","2024-09-28","صافي لاول الشهر/تم السداد (1 قيد / 300.00 ج.م) | صافي لاول الشهر/تم السداد10-11 (1 قيد / 100.00 ج.م)"
"معطر","2","355.00","2024-05-08","2026-04-07","معطر (1 قيد / 55.00 ج.م) | معطر 5*60 (1 قيد / 300.00 ج.م)"
"شفتفنيبديلاللفني","2","315.00","2025-07-01","2025-07-02","شفت فني 2-7 بديلا للفني (1 قيد / 160.00 ج.م) | شفت فني1-7 بديلا للفني (1 قيد / 155.00 ج.م)"
"شفتفنييوم","2","311.00","2025-04-07","2025-04-14","شفت فني يوم 3-4 (1 قيد / 155.00 ج.م) | شفت فني يوم 7-4 (1 قيد / 156.00 ج.م)"
"شفتفنييومالاتنين","2","310.00","2025-07-14","2026-06-08","شفت فني يوم الاتنين (1 قيد / 155.00 ج.م) | شفت فني يوم الاتنين14-7 (1 قيد / 155.00 ج.م)"
"ابويوسفبسطرمه","2","300.00","2025-11-23","2025-12-04","أبو يوسف بسطرمه (1 قيد / 150.00 ج.م) | ابو يوسف بسطرمه (1 قيد / 150.00 ج.م)"
"جولدايز","2","300.00","2024-09-08","2025-08-13","جولد ايز (1 قيد / 200.00 ج.م) | جولد ايز200 (1 قيد / 100.00 ج.م)"
"ايمانياسر","2","250.00","2025-10-16","2026-09-08","ايمان ياسر (2 قيد / 250.00 ج.م)"
"وصلمياه","2","238.00","2024-05-16","2024-10-19","وصل مياة (1 قيد / 119.00 ج.م) | وصل مياه (1 قيد / 119.00 ج.م)"
"سباك","2","220.00","2024-02-11","2025-01-06","سباك (2 قيد / 220.00 ج.م)"
"سارهتم","2","210.00","2024-12-17","2024-12-26","ساره /تم1-1 (2 قيد / 210.00 ج.م)"
"صيانهتكييفاتالشروق","2","200.00","2024-08-14","2025-07-14","صيانة تكييفات الشروق (1 قيد / 100.00 ج.م) | صيانة تكييفات-الشروق (1 قيد / 100.00 ج.م)"
"صيانهكرسيالعياده","2","200.00","2025-07-12","2026-07-04","صيانة كرسي العيادة (2 قيد / 200.00 ج.م)"
"عددكسكر","2","196.00","2024-01-30","2024-02-10","عدد 2 ك سكر*48 (1 قيد / 96.00 ج.م) | عدد 2 ك سكر*50 (1 قيد / 100.00 ج.م)"
"شايسكر","2","186.00","2024-04-27","2025-05-20","شاي +سكر (1 قيد / 86.00 ج.م) | شاي+سكر (1 قيد / 100.00 ج.م)"
"مفاتيح","2","160.00","2024-08-31","2025-02-27","مفاتيح (2 قيد / 160.00 ج.م)"
"رضاتمالسداد","2","150.00","2024-10-09","2025-09-15","رضا تم السداد (1 قيد / 50.00 ج.م) | رضا-تم السداد1-10 (1 قيد / 100.00 ج.م)"
"عمادايداعالمشارط","2","150.00","2024-05-29","2026-04-26","عماد -إيداع المشارط (1 قيد / 100.00 ج.م) | عماد ايداع المشارط (1 قيد / 50.00 ج.م)"
"قارورهمايه","2","150.00","2024-07-08","2024-07-21","قارورة مايه (2 قيد / 150.00 ج.م)"
"لزقالشروق","2","120.00","2025-06-18","2026-07-26","لزق الشروق (2 قيد / 120.00 ج.م)"
"مواصلاتالصوافمرات","2","120.00","2024-02-19","2024-04-24","مواصلات الصواف 3 مرات (2 قيد / 120.00 ج.م)"
"دمحمدرساله","2","100.00","2024-12-01","2025-02-01","د محمد رسالة (2 قيد / 100.00 ج.م)"
"اقلامالشروق","2","95.00","2024-05-27","2025-03-15","اقلام الشروق (2 قيد / 95.00 ج.م)"
"بطاريات","2","90.00","2026-04-30","2026-08-03","بطاريات (2 قيد / 90.00 ج.م)"
"بقصماط","2","85.00","2025-05-18","2025-06-01","بقصماط (2 قيد / 85.00 ج.م)"
"سكرالشروق","2","75.00","2024-09-03","2026-05-21","سكر الشروق (1 قيد / 40.00 ج.م) | سكر-الشروق (1 قيد / 35.00 ج.م)"
"صابون","2","75.00","2025-11-27","2026-03-24","صابون (2 قيد / 75.00 ج.م)"
"مفك","2","65.00","2024-02-01","2024-10-20","مفك (2 قيد / 65.00 ج.م)"
"كوبايات","2","52.00","2024-08-06","2025-06-15","كوبايات (2 قيد / 52.00 ج.م)"
"مواصلاتالصوافطه","2","40.00","2024-05-27","2024-06-03","مواصلات الصواف طه (1 قيد / 20.00 ج.م) | مواصلات الصواف-طه (1 قيد / 20.00 ج.م)"
"مسامير","2","35.00","2025-02-20","2025-10-05","مسامير (2 قيد / 35.00 ج.م)"
"سلك","2","20.00","2025-11-23","2026-05-25","سلك (2 قيد / 20.00 ج.م)"
"تحويلمركزابنسينامتبقي","1","106000.00","2026-09-12","2026-09-12","تحويل 2000$ مركز ابن سينا متبقي 1500$ (1 قيد / 106000.00 ج.م)"
"مصطفيالسعدنينقدا","1","100000.00","2024-10-24","2024-10-24","مصطفى السعدني نقدا (1 قيد / 100000.00 ج.م)"
"نقدادالسعدني","1","100000.00","2026-08-19","2026-08-19","نقدا د السعدني (1 قيد / 100000.00 ج.م)"
"عدساتبوكس","1","96000.00","2025-08-06","2025-08-06","عدسات 125 بوكس (1 قيد / 96000.00 ج.م)"
"المشارطبوكس","1","80000.00","2025-08-31","2025-08-31","المشارط 2 بوكس (1 قيد / 80000.00 ج.م)"
"بوكسينمشارطsbk","1","80000.00","2025-07-07","2025-07-07","بوكسين مشارط SBK130 (1 قيد / 80000.00 ج.م)"
"منحسابعلبمشارط","1","75000.00","2026-04-26","2026-04-26","من حساب 5 علب مشارط (1 قيد / 75000.00 ج.م)"
"تحويلدولارلدالسعدنيتمالسدادمنشنطهحساباتكفرالشيخ","1","70000.00","2024-12-04","2024-12-04","تحويل دولار لد السعدني تم السداد / + 10800 من شنطة حسابات كفرالشيخ (1 قيد / 70000.00 ج.م)"
"منتحتحسابالمرتبات","1","65424.00","2024-02-01","2024-02-01","من تحت حساب المرتبات (1 قيد / 65424.00 ج.م)"
"دالسعدنيتحويلتستردمنالبيت","1","64800.00","2025-09-04","2025-09-04","د السعدني تحويل 1335$*48.57 تسترد من البيت (1 قيد / 64800.00 ج.م)"
"منحسابالمرتبات","1","59830.00","2024-05-01","2024-05-01","من حساب المرتبات (1 قيد / 59830.00 ج.م)"
"دفعالتامينات","1","55000.00","2025-01-05","2025-01-05","دفع التامينات (1 قيد / 55000.00 ج.م)"
"دالسعدنيدتيمور","1","53000.00","2024-12-23","2024-12-23","د السعدني / د تيمور (1 قيد / 53000.00 ج.م)"
"ابوعمرنقدا","1","50000.00","2026-07-23","2026-07-23","أبو عمر نقدا (1 قيد / 50000.00 ج.م)"
"دالسعدنيوايلابوحسين","1","50000.00","2026-02-04","2026-02-04","د السعدني  وائل أبو حسين (1 قيد / 50000.00 ج.م)"
"يدمصطفيالسعدني","1","50000.00","2024-10-08","2024-10-08","يد مصطفى السعدني (1 قيد / 50000.00 ج.م)"
"النسه","1","49748.00","2025-08-10","2025-08-10","النسة (1 قيد / 49748.00 ج.م)"
"النسبهمكافاهدالسعدني","1","49575.00","2024-12-10","2024-12-10","النسبة+مكافأة د السعدني (1 قيد / 49575.00 ج.م)"
"حساببوكسعدساتبونص","1","44000.00","2024-09-01","2024-09-01","حساب 44 بوكس عدسات+7 بونص (1 قيد / 44000.00 ج.م)"
"ضرايبدالسعدني","1","42850.00","2024-03-31","2024-03-31","ضرايب د السعدني (1 قيد / 42850.00 ج.م)"
"عدساتبعدالعمليه","1","42000.00","2024-05-23","2024-05-23","عدسات بعد العملية42*1000 (1 قيد / 42000.00 ج.م)"
"مالساحلفيزاcibدالسعدني","1","40000.00","2025-02-04","2025-02-04","م.الساحل+فيزاcib/د السعدني (1 قيد / 40000.00 ج.م)"
"جاداسطوانهغازالشهريهمعالسعدني","1","37000.00","2025-11-04","2025-11-04","جاد اسطوانة غاز+الشهرية+1000 مع السعدني (1 قيد / 37000.00 ج.م)"
"اسطوانهشهريهجاد","1","36000.00","2026-03-16","2026-03-16","أسطوانة+شهرية جاد (1 قيد / 36000.00 ج.م)"
"جاداسطوانهشهريه","1","36000.00","2025-05-19","2025-05-19","جاد اسطوانة +شهرية (1 قيد / 36000.00 ج.م)"
"المشارطالسعدنيعلبه","1","35000.00","2024-05-29","2024-05-29","المشارط -السعدني علبة (1 قيد / 35000.00 ج.م)"
"دالسعدنيفيزاالاهلي","1","35000.00","2026-04-22","2026-04-22","د السعدني / فيزا الأهلي (1 قيد / 35000.00 ج.م)"
"نسبه","1","32715.00","2025-12-10","2025-12-10","نسبة (1 قيد / 32715.00 ج.م)"
"دالسعدنيتحتحسابالعيادهشهر","1","31000.00","2026-06-01","2026-06-01","د السعدني تحت حساب العيادة شهر5 (1 قيد / 31000.00 ج.م)"
"باقيالعدسهجاد","1","30000.00","2026-07-15","2026-07-15","باقي العدسة جاد (1 قيد / 30000.00 ج.م)"
"حسابعدساتحالهكفرالشيختستردمندسعيدغدا","1","30000.00","2025-11-15","2025-11-15","حساب عدسات حالة كفرالشيخ تسترد من د سعيد غدا (1 قيد / 30000.00 ج.م)"
"عدسهديفلكتورباقي","1","30000.00","2026-07-01","2026-07-01","عدسة 45 ديفلكتور-باقي 30 (1 قيد / 30000.00 ج.م)"
"فلوسcibتمالسداد","1","30000.00","2024-10-05","2024-10-05","فلوس cib/تم السداد (1 قيد / 30000.00 ج.م)"
"فيزاالبنكالاهليتستردمنالعيادهتمالسدادمنعيادهكفرالشيخ","1","30000.00","2025-10-20","2025-10-20","فيزا البنك الأهلي تسترد من العياده-تم السدادمن عيادة كفر الشيخ (1 قيد / 30000.00 ج.م)"
"فيزاالبنكالاهليتسددمنالعياده","1","30000.00","2025-11-24","2025-11-24","فيزا البنك الاهلي تسدد من العياده (1 قيد / 30000.00 ج.م)"
"فيزاالبنكالاهليدالسعدني","1","30000.00","2026-01-22","2026-01-22","فيزا البنك الأهلي د السعدني (1 قيد / 30000.00 ج.م)"
"فيزاcibتمالسدادكفرالشيخ","1","30000.00","2025-08-02","2025-08-02","فيزا cib / تم السداد كفر الشيخ (1 قيد / 30000.00 ج.م)"
"فيزاcibمنالعيادهسدادمنحسابالعدساتكفرالشيخايرادشهر","1","30000.00","2025-10-04","2025-10-04","فيزا cib من العياده- سداد من حساب العدسات5-10(10000)+(20000)كفر الشيخ ايراد شهر9 (1 قيد / 30000.00 ج.م)"
"فيزاcibيخصممنالعياده","1","30000.00","2025-07-03","2025-07-03","فيزا cib يخصم من العياده (1 قيد / 30000.00 ج.م)"
"ميناتورزدالسعدنيتمالسدادكفرالشيخ","1","27800.00","2025-07-30","2025-07-30","ميناتورز د السعدني/تم السداد10-8كفر الشيخ (1 قيد / 27800.00 ج.م)"
"قطرهبيلينك","1","27600.00","2026-08-23","2026-08-23","115 قطرة بي لينك (1 قيد / 27600.00 ج.م)"
"حسابالعياده","1","26500.00","2025-07-31","2025-07-31","حساب العيادة (1 قيد / 26500.00 ج.م)"
"فيزاالبنكالاهليتستردمندالسعدني","1","25000.00","2025-12-22","2025-12-22","فيزا البنك الاهلي تسترد من د السعدني (1 قيد / 25000.00 ج.م)"
"فيزاcibيستردوامندالسعدني","1","25000.00","2025-05-03","2025-05-03","فيزا cib يستردوا من د السعدني (1 قيد / 25000.00 ج.م)"
"فيزاcibمنالعياده","1","24000.00","2025-09-03","2025-09-03","فيزا cib من العياده (1 قيد / 24000.00 ج.م)"
"السعدنيتمسداديوم","1","23000.00","2025-10-22","2025-10-22","السعدني/تم سداد20000 يوم27-10 (1 قيد / 23000.00 ج.م)"
"جادالشهريهمنحسابالاسطوانه","1","23000.00","2024-05-21","2024-05-21","جاد الشهرية +20000 من حساب الاسطوانة (1 قيد / 23000.00 ج.م)"
"مصطفيالسعدنيانستا","1","21700.00","2025-06-17","2025-06-17","مصطفى السعدني انستا (1 قيد / 21700.00 ج.م)"
"شركهالسياحهدهبابوعمر","1","20700.00","2026-07-19","2026-07-19","شركة السياحة-دهب أبو عمر (1 قيد / 20700.00 ج.م)"
"تحتحسابعيادهطنطاشهر","1","20570.00","2024-10-30","2024-10-30","تحت حساب عيادة طنطا شهر10 (1 قيد / 20570.00 ج.م)"
"حسابالعيادهشهر","1","20404.00","2024-02-01","2024-02-01","حساب العيادة شهر 1 (1 قيد / 20404.00 ج.م)"
"تحتحساببابالشروق","1","20200.00","2024-12-11","2024-12-11","تحت حساب باب الشروق (1 قيد / 20200.00 ج.م)"
"اعلاناتفيسحتي","1","20000.00","2025-06-25","2025-06-25","اعلانات فيس حتي 3-7-2025 (1 قيد / 20000.00 ج.م)"
"باقيحسابالمكتبضرايب","1","20000.00","2025-12-24","2025-12-24","باقي حساب المكتب ضرايب (1 قيد / 20000.00 ج.م)"
"تحتحسابتصليحجهازالفاكو","1","20000.00","2024-08-26","2024-08-26","تحت حساب تصليح جهاز الفاكو (1 قيد / 20000.00 ج.م)"
"دالسعدنينقداتمالسدادمنمصطفيالسعدنيالبيت","1","20000.00","2025-07-16","2025-07-16","د السعدني نقدا/تم السداد من مصطفى السعدني البيت (1 قيد / 20000.00 ج.م)"
"شنطهرمضاناضافيدالسعدني","1","20000.00","2024-03-02","2024-03-02","شنطة رمضان+اضافي د السعدني (1 قيد / 20000.00 ج.م)"
"ضرايبكسبالعملالمكتب","1","20000.00","2025-08-31","2025-08-31","ضرايب كسب العمل/ المكتب (1 قيد / 20000.00 ج.م)"
"فيزاالبنكالاهليمنفلوسالعياده","1","20000.00","2024-08-21","2024-08-21","فيزا البنك الاهلي (من فلوس العياده) (1 قيد / 20000.00 ج.م)"
"ليددالسعدنيسدادمنعيادهكفرالشيخ","1","20000.00","2025-10-02","2025-10-02","ليد د السعدني-سداد من عيادة كفر الشيخ9-10 (1 قيد / 20000.00 ج.م)"
"مجادتحتحسابالاسطوانه","1","20000.00","2024-07-14","2024-07-14","م/جاد تحت حساب الاسطوانه (1 قيد / 20000.00 ج.م)"
"منحسابتصليحجهازالفاكوواصلخالصتمك","1","20000.00","2024-09-17","2024-09-17","من حساب تصليح جهاز الفاكو (واصل 180 خالص)تم ك (1 قيد / 20000.00 ج.م)"
"نسبهالعياده","1","20000.00","2025-12-31","2025-12-31","نسبة العيادة (1 قيد / 20000.00 ج.م)"
"تحويلدالسعدني","1","19700.00","2024-08-05","2024-08-05","تحويل 400$*49.25 د السعدني (1 قيد / 19700.00 ج.م)"
"شيرينتمالسداد","1","19685.00","2025-08-25","2025-08-25","شيرين تم السداد (1 قيد / 19685.00 ج.م)"
"باقيحسابعدساتمياهبيضا","1","19300.00","2026-09-16","2026-09-16","باقي حساب عدسات مياه بيضا (1 قيد / 19300.00 ج.م)"
"بسنتالبناتفيزاالبنكالاهليتجديدموقعالضرايب","1","19125.00","2024-03-02","2024-03-02","بسنت البنات+فيزا البنك الأهلي+تجديد موقع الضرايب (1 قيد / 19125.00 ج.م)"
"حسابمجاد","1","18000.00","2026-06-03","2026-06-03","حساب م/جاد (1 قيد / 18000.00 ج.م)"
"ميناتورزانتقالات","1","17750.00","2025-07-16","2025-07-16","ميناتورز+انتقالات (1 قيد / 17750.00 ج.م)"
"جادشهريهفلونس","1","17600.00","2025-02-01","2025-02-01","جاد شهرية+فلونس (1 قيد / 17600.00 ج.م)"
"بوليفريشجاتيستار","1","17125.00","2025-02-18","2025-02-18","بولي فريش100*126.25+جاتي ستار100*45 (1 قيد / 17125.00 ج.م)"
"دالسعدنيمكافاه","1","16800.00","2024-10-10","2024-10-10","د السعدني مكافأة (1 قيد / 16800.00 ج.م)"
"باقيحساببوكسسبونج","1","16600.00","2026-08-16","2026-08-16","باقي حساب 20 بوكس سبونج*1580 (1 قيد / 16600.00 ج.م)"
"حالهالفيمتو","1","16000.00","2026-04-23","2026-04-23","حالة الفيمتو (1 قيد / 16000.00 ج.م)"
"فلوانسايتراكرشهريهجاد","1","16000.00","2026-04-26","2026-04-26","فلوانس+أي تراكر+شهرية جاد (1 قيد / 16000.00 ج.م)"
"جادباقيالاسطوانهشهريه","1","15600.00","2024-07-30","2024-07-30","جاد باقي الاسطوانة +3600 شهرية (1 قيد / 15600.00 ج.م)"
"باقيالنسبه","1","15586.00","2026-03-11","2026-03-11","باقي النسبة (1 قيد / 15586.00 ج.م)"
"ابويوسففيزاالعربيه","1","15000.00","2025-09-08","2025-09-08","أبو يوسف فيزا العربية (1 قيد / 15000.00 ج.م)"
"جادالشهريهباقيحسابالاسطوانه","1","15000.00","2024-06-05","2024-06-05","جاد الشهرية + 12000 باقي حساب الاسطوانه (1 قيد / 15000.00 ج.م)"
"دالسعدنيمسعاد","1","15000.00","2025-08-19","2025-08-19","د السعدني / م سعاد (1 قيد / 15000.00 ج.م)"
"مكتبالمحاسبهواصل","1","15000.00","2024-03-02","2024-03-02","مكتب المحاسبة واصل140000 (1 قيد / 15000.00 ج.م)"
"منحسابالاسطوانه","1","15000.00","2026-05-19","2026-05-19","من حساب الاسطوانة14-5 (1 قيد / 15000.00 ج.م)"
"منحسابسبونجباقي","1","15000.00","2026-07-13","2026-07-13","من حساب سبونج باقي16600 (1 قيد / 15000.00 ج.م)"
"مناديلورقتعقيمورقتبكيتروشتاتمصنعيهمستلزماتمواصلات","1","14925.00","2024-10-10","2024-10-10","مناديل+ورق تعقيم+ورق تبكيت+روشتات+مصنعية+مستلزمات+مواصلات (1 قيد / 14925.00 ج.م)"
"اضافيدالسعدني","1","14400.00","2024-09-10","2024-09-10","اضافي د السعدني (1 قيد / 14400.00 ج.م)"
"مكافاهدالسعدنيساره","1","14400.00","2025-05-10","2025-05-10","مكافأة د السعدني+سارة (1 قيد / 14400.00 ج.م)"
"منحسابالعياده","1","13562.00","2025-03-27","2025-03-27","من حساب العيادة (1 قيد / 13562.00 ج.م)"
"الفطارباقيخصم","1","13500.00","2026-03-04","2026-03-04","الفطار باقي ١٥٠ + ٥٠٠ خصم (1 قيد / 13500.00 ج.م)"
"دالسعدنيالبنكالاهلي","1","13000.00","2024-03-23","2024-03-23","د السعدني البنك الاهلي (1 قيد / 13000.00 ج.م)"
"فلونسشهريهجاد","1","12500.00","2025-12-16","2025-12-16","فلونس +شهرية جاد (1 قيد / 12500.00 ج.م)"
"عددقطرهبوليفريش","1","12350.00","2025-08-11","2025-08-11","عدد 100 قطرة بولي فريش (1 قيد / 12350.00 ج.م)"
"الاتدالسعدني","1","12300.00","2025-05-06","2025-05-06","الات د السعدني (1 قيد / 12300.00 ج.م)"
"العيديهالمكافاه","1","12000.00","2024-04-08","2024-04-08","العيدية+المكافاة (1 قيد / 12000.00 ج.م)"
"انستاحالهليزك","1","12000.00","2026-07-20","2026-07-20","انستا حالة ليزك (1 قيد / 12000.00 ج.م)"
"عدساتشركهيستستردمندالسعدني","1","11600.00","2025-07-05","2025-07-05","عدسات شركة يس تسترد من د السعدني (1 قيد / 11600.00 ج.م)"
"جهازالسيرفرشاشه","1","11500.00","2026-02-28","2026-02-28","جهاز السيرفر + شاشه (1 قيد / 11500.00 ج.م)"
"عدساتدالسعدني","1","11220.00","2024-07-18","2024-07-18","عدسات د السعدني (1 قيد / 11220.00 ج.م)"
"تحتحسابعيادهطنطا","1","11010.00","2024-10-01","2024-10-01","تحت حساب عيادة طنطا (1 قيد / 11010.00 ج.م)"
"دالسعدنيكمالشمس","1","10500.00","2025-07-27","2025-07-27","دالسعدني / كمال شمس (1 قيد / 10500.00 ج.م)"
"شنطهرمضان","1","10500.00","2025-03-01","2025-03-01","شنطة رمضان (1 قيد / 10500.00 ج.م)"
"مستلزماتالشروقمواصلات","1","10170.00","2025-01-15","2025-01-15","مستلزمات الشروق/+مواصلات (1 قيد / 10170.00 ج.م)"
"اتعابمكتبالمحاسبه","1","10000.00","2025-04-24","2025-04-24","اتعاب مكتب المحاسبة (1 قيد / 10000.00 ج.م)"
"البناتابوعمر","1","10000.00","2026-07-02","2026-07-02","البنات - أبو عمر (1 قيد / 10000.00 ج.م)"
"السعدنيبكره","1","10000.00","2025-08-12","2025-08-12","السعدني بكره (1 قيد / 10000.00 ج.م)"
"السعدنيتمالسداد","1","10000.00","2024-07-25","2024-07-25","السعدني/تم السداد (1 قيد / 10000.00 ج.م)"
"انستاالسعدنيالبيت","1","10000.00","2025-10-01","2025-10-01","انستا السعدني / البيت (1 قيد / 10000.00 ج.م)"
"انستاالسعدنيتمالسداد","1","10000.00","2025-08-24","2025-08-24","انستا السعدني تم السداد (1 قيد / 10000.00 ج.م)"
"انستابايحسابالعمليهشهريهجادتمتحويلهاشهر","1","10000.00","2025-10-29","2025-10-29","انستا باي (حساب العملية-شهرية جاد تم تحويلها شهر 10) (1 قيد / 10000.00 ج.م)"
"دالسعدنياسكندريهالسعدنيروضهالبنات","1","10000.00","2025-11-13","2025-11-13","د السعدني اسكندريه/السعدني روضه/البنات (1 قيد / 10000.00 ج.م)"
"دالسعدنيمصطفي","1","10000.00","2024-01-25","2024-01-25","د السعدني / مصطفي (1 قيد / 10000.00 ج.م)"
"سلفهالسعدنيتسددشهريا","1","10000.00","2025-11-16","2025-11-16","سلفة السعدني تسدد شهريا (1 قيد / 10000.00 ج.م)"
"فلوانس","1","10000.00","2024-02-19","2024-02-19","فلوانس (1 قيد / 10000.00 ج.م)"
"فيزاcibهرجعهممعسدادالفيزايوم","1","10000.00","2024-08-21","2024-08-21","فيزا cib هرجعهم مع سداد الفيزا يوم 59 (1 قيد / 10000.00 ج.م)"
"مكافاهرمضان","1","10000.00","2026-02-18","2026-02-18","مكافأة رمضان (1 قيد / 10000.00 ج.م)"
"مكتبالمحاسبه","1","10000.00","2024-06-10","2024-06-10","مكتب المحاسبه 160000 (1 قيد / 10000.00 ج.م)"
"مكتبالمحاسبهالميزانيه","1","10000.00","2026-04-16","2026-04-16","مكتب المحاسبة الميزانية (1 قيد / 10000.00 ج.م)"
"مكتبالمحاسبهواصلالميزانيه","1","10000.00","2024-04-21","2024-04-21","مكتب المحاسبة واصل150000/الميزانية (1 قيد / 10000.00 ج.م)"
"نسبهقطراتحتي","1","9455.00","2026-08-06","2026-08-06","نسبة قطرات حتى31-7 (1 قيد / 9455.00 ج.م)"
"كفراتاشعه","1","9400.00","2024-02-13","2024-02-13","كفرات اشعة 1000*9.4 (1 قيد / 9400.00 ج.م)"
"الفطار","1","9225.00","2025-03-19","2025-03-19","الفطار45*205 (1 قيد / 9225.00 ج.م)"
"جونتياتجاوناتاوفرشوزرولكوبايات","1","9040.00","2026-09-06","2026-09-06","جونتيات+جاونات+اوفر شوز +رول+كوبايات (1 قيد / 9040.00 ج.م)"
"اصلاحالايربف","1","9000.00","2026-09-15","2026-09-15","اصلاح الاير بف (1 قيد / 9000.00 ج.م)"
"تحتحسابالابواب","1","9000.00","2026-08-03","2026-08-03","تحت حساب الأبواب (1 قيد / 9000.00 ج.م)"
"منتحتحسابكفراشعه","1","9000.00","2024-08-06","2024-08-06","من تحت حساب 1000 كفر اشعة/ (1 قيد / 9000.00 ج.م)"
"قطعغيارالكارينزكفرالشيخ","1","8900.00","2025-07-31","2025-07-31","قطع غيار الكارينز/كفر الشيخ10-8 (1 قيد / 8900.00 ج.م)"
"لمبهعيادهعيادهاحتياطي","1","8850.00","2026-07-01","2026-07-01","لمبة عيادة1+عيادة 2 (احتياطي) (1 قيد / 8850.00 ج.م)"
"فيمتومشارطميتالهيدابنسينا","1","8750.00","2025-07-08","2025-07-08","فيمتو-(5 مشارط ميتال هيد ابن سينا) (1 قيد / 8750.00 ج.م)"
"ابويوسفالمقابر","1","8500.00","2024-12-21","2024-12-21","ابو يوسف / المقابر (1 قيد / 8500.00 ج.م)"
"حسابفايلاتالاشعه","1","8500.00","2025-11-07","2025-11-07","حساب فايلات الاشعه (1 قيد / 8500.00 ج.م)"
"عددقطره","1","8400.00","2025-01-19","2025-01-19","عدد 200 قطرة (1 قيد / 8400.00 ج.م)"
"مقدمالفطارمواصلاتلابوعمر","1","8170.00","2024-03-16","2024-03-16","مقدم الفطار+مواصلات لابوعمر (1 قيد / 8170.00 ج.م)"
"الطابعهاكراميه","1","8100.00","2026-01-31","2026-01-31","الطابعة+ اكرامية (1 قيد / 8100.00 ج.م)"
"مستلزماتفاتورهتاريخ","1","8040.00","2025-09-08","2025-09-08","مستلزمات فاتورة تاريخ 10-9 (1 قيد / 8040.00 ج.م)"
"البناتهشامالسعدني","1","8000.00","2024-09-15","2024-09-15","البنات 3500/هشام 4000/السعدني 500 (1 قيد / 8000.00 ج.م)"
"دالسعدنيمنحسابميناتورز","1","8000.00","2025-10-11","2025-10-11","د السعدني  من حساب مينا تورز (1 قيد / 8000.00 ج.م)"
"جاوناتوجوانتياتمحاليلكابلطابعهشجرابدالسعدنيسنتمواصلات","1","7950.00","2025-07-15","2025-07-15","جاونات وجوانتيات+محاليل20*18+كابل طابعة ش+جراب د السعدني+س.نت+4 مواصلات (1 قيد / 7950.00 ج.م)"
"نتبطرسمنشهرحتي","1","7800.00","2026-04-18","2026-04-18","نت بطرس من شهر 9 حتي 4 (1 قيد / 7800.00 ج.م)"
"جاوناتوسرنجاتوجوانتيات","1","7300.00","2024-03-05","2024-03-05","جاونات وسرنجات وجوانتيات (1 قيد / 7300.00 ج.م)"
"مواصلاتللجاوناتوالكروكسوالباورسبلايجاونجلفزجلفز","1","7050.00","2025-10-19","2025-10-19","150مواصلات للجاونات والكروكس والباور سبلاي + جاون100*22+2 جلفز*1050+2 جلفز*975 (1 قيد / 7050.00 ج.م)"
"اممحمودتمسداديومسداديوميوم","1","7000.00","2025-06-16","2025-06-16","ام محمود تم سداد 4000 يوم 277-سداد500 يوم10-9-2500 يوم14-10 (1 قيد / 7000.00 ج.م)"
"عدساتالامريكيتبعدالسعدني","1","7000.00","2025-07-27","2025-07-27","عدسات الأمريكي تبع د السعدني (1 قيد / 7000.00 ج.م)"
"كفرالشيختمالسدادمنعيادهكفرالشيخ","1","7000.00","2025-12-01","2025-12-01","كفر الشيخ- تم السداد من عيادة كفر الشيخ (1 قيد / 7000.00 ج.م)"
"كفرالشيخدسعيد","1","7000.00","2025-03-27","2025-03-27","كفر الشيخ د سعيد (1 قيد / 7000.00 ج.م)"
"الدكتورهبسيوني","1","6500.00","2026-09-12","2026-09-12","الدكتوره / بسيوني (1 قيد / 6500.00 ج.م)"
"تاتشالاوتوريف","1","6500.00","2024-02-17","2024-02-17","تاتش الاوتوريف (1 قيد / 6500.00 ج.م)"
"تيفيبوكس","1","6500.00","2026-03-24","2026-03-24","تي في بوكس (1 قيد / 6500.00 ج.م)"
"علبجونتياتشاشمعقمجهازمحلول","1","6355.00","2026-07-28","2026-07-28","4 علب جونتيات+4 شاش معقم+جهاز محلول (1 قيد / 6355.00 ج.م)"
"دالسعدنيباقيالاضحيهفيزاقديم","1","6300.00","2024-06-24","2024-06-24","د السعدني ( باقي الأضحيه_فيزا قديم) (1 قيد / 6300.00 ج.م)"
"حالهدالسعدني","1","6250.00","2026-04-15","2026-04-15","حالة د السعدني (1 قيد / 6250.00 ج.م)"
"دالصواف","1","6250.00","2024-04-07","2024-04-07","د الصواف (1 قيد / 6250.00 ج.م)"
"السعدنيموتورمايه","1","6200.00","2024-05-07","2024-05-07","السعدني / موتور مايه (1 قيد / 6200.00 ج.م)"
"تحتحسابمستلزماتوجاونات","1","6200.00","2026-02-17","2026-02-17","تحت حساب مستلزمات وجاونات (1 قيد / 6200.00 ج.م)"
"منحسابفيزاcib","1","6200.00","2024-04-03","2024-04-03","من حساب فيزا cib (1 قيد / 6200.00 ج.م)"
"حسابنضارهالدكتورهوالسعدني","1","6000.00","2025-09-09","2025-09-09","حساب نضارة الدكتوره و السعدني (1 قيد / 6000.00 ج.م)"
"قطرالحرمينريال","1","6000.00","2024-07-01","2024-07-01","قطر الحرمين 450 ريال (1 قيد / 6000.00 ج.م)"
"كاترلات","1","6000.00","2026-09-14","2026-09-14","كاترلات2000*3 (1 قيد / 6000.00 ج.م)"
"مكافاهمحمودعدديوممنيومحتي","1","6000.00","2025-12-14","2025-12-14","مكافأة محمود عدد 40 يوم*150 من يوم22-9 حتى 30-11 (1 قيد / 6000.00 ج.م)"
"ميتوميسعلب","1","6000.00","2026-09-16","2026-09-16","ميتوميس10علب*600 (1 قيد / 6000.00 ج.م)"
"جونتياتجاوناتمناديلعطباعهمواصلات","1","5885.00","2026-05-14","2026-05-14","جونتيات+جاونات+مناديل+ع.طباعة+مواصلات (1 قيد / 5885.00 ج.م)"
"تحتحسابمستلزماتمطبوعات","1","5800.00","2026-03-29","2026-03-29","تحت حساب مستلزمات+مطبوعات (1 قيد / 5800.00 ج.م)"
"باقيجادشهر","1","5600.00","2024-02-19","2024-02-19","باقي جاد شهر 1-2 (1 قيد / 5600.00 ج.م)"
"فاتورهمستلزماتمواصلات","1","5530.00","2026-06-16","2026-06-16","فاتورة مستلزمات20-6+مواصلات (1 قيد / 5530.00 ج.م)"
"باقيحسابالفولدرات","1","5500.00","2025-07-14","2025-07-14","باقي حساب الفولدرات (1 قيد / 5500.00 ج.م)"
"باقيحسابفايلاتاشعه","1","5500.00","2026-07-08","2026-07-08","باقي حساب فايلات اشعة1000*10.5 (1 قيد / 5500.00 ج.م)"
"تجديدالختمالاليكتروني","1","5500.00","2024-08-07","2024-08-07","تجديد الختم الاليكتروني (1 قيد / 5500.00 ج.م)"
"كارتلهبكراوتوريف","1","5500.00","2024-01-30","2024-01-30","كارتلة 1000*4.5+50بكر اوتوريف *20 (1 قيد / 5500.00 ج.م)"
"بدلمواصلات","1","5400.00","2024-08-18","2024-08-18","بدل مواصلات (1 قيد / 5400.00 ج.م)"
"جوانتياتمقاس","1","5300.00","2024-09-05","2024-09-05","جوانتيات1*1100+4*1050مقاس 7.5 (1 قيد / 5300.00 ج.م)"
"فوطجنيهللعمليات","1","5250.00","2026-05-19","2026-05-19","فوط75*70 جنيه للعمليات (1 قيد / 5250.00 ج.م)"
"جونتياتعلباوفرشوز","1","5170.00","2025-03-05","2025-03-05","جونتيات5 علب+4اوفر شوز (1 قيد / 5170.00 ج.م)"
"محمدرمضانالدكتورهمواصلات","1","5050.00","2025-10-27","2025-10-27","محمد رمضان الدكتوره + مواصلات (1 قيد / 5050.00 ج.م)"
"السعدنيليوم","1","5000.00","2025-11-24","2025-11-24","السعدني ليوم ١٠ (1 قيد / 5000.00 ج.م)"
"امحمدنوار","1","5000.00","2025-06-17","2025-06-17","ا محمد نوار (1 قيد / 5000.00 ج.م)"
"باقيفلوسفيزاالبنكالاهليتستردمنفلوسالعياده","1","5000.00","2025-06-19","2025-06-19","باقي فلوس فيزا البنك الاهلي تسترد من فلوس العياده +21700 (1 قيد / 5000.00 ج.م)"
"تحتحسابالترخيص","1","5000.00","2026-05-18","2026-05-18","تحت حساب الترخيص (1 قيد / 5000.00 ج.م)"
"تحتحسابفايلاتاشعه","1","5000.00","2026-06-23","2026-06-23","تحت حساب فايلات اشعة (1 قيد / 5000.00 ج.م)"
"دالسعدنياسكندريهالبنات","1","5000.00","2025-04-29","2025-04-29","د السعدني اسكندريه / البنات (1 قيد / 5000.00 ج.م)"
"دالسعدنيالجمعيهتم","1","5000.00","2024-10-17","2024-10-17","د السعدني/الجمعية تم (1 قيد / 5000.00 ج.م)"
"دالسعدنيالنادي","1","5000.00","2025-02-08","2025-02-08","د السعدني/النادي (1 قيد / 5000.00 ج.م)"
"دالسعدنيدكتورالاسنان","1","5000.00","2025-09-06","2025-09-06","د السعدني / دكتور الاسنان (1 قيد / 5000.00 ج.م)"
"دالسعدنيكهرباالبيتوالساحلواليكس","1","5000.00","2026-02-22","2026-02-22","د السعدني كهربا البيت و الساحل و اليكس (1 قيد / 5000.00 ج.م)"
"دالسعدنيمحمدرمضان","1","5000.00","2026-02-22","2026-02-22","د السعدني محمد رمضان (1 قيد / 5000.00 ج.م)"
"عددرولتعقيمبكرحمامسحبقفلورزهلزقمواصلاتفيمتوشاش","1","5000.00","2025-08-17","2025-08-17","عدد 2 رول تعقيم*1400+350 بكر حمام+380 سحب+90قفل ورزة+50لزق+120مواصلات+100 فيمتو+4 شاش*1200 (1 قيد / 5000.00 ج.م)"
"عيادهالبحردالسعدني","1","5000.00","2024-05-08","2024-05-08","عيادة البحر د السعدني (1 قيد / 5000.00 ج.م)"
"محمدرمضانالصيدليه","1","5000.00","2024-11-20","2024-11-20","محمد رمضان الصيدلية (1 قيد / 5000.00 ج.م)"
"واردمندالسعدنيسدادضريبهكسبالعمل","1","5000.00","2025-12-31","2025-12-31","وارد من د السعدني/سداد ضريبة كسب العمل (1 قيد / 5000.00 ج.م)"
"دفاترالشروقدفتركارت","1","4990.00","2024-02-04","2024-02-04","دفاتر الشروق52دفتر*70+1000 كارت*1.35 (1 قيد / 4990.00 ج.م)"
"اوفرشوزجوانتيجوانتيانتقالاتابنسينا","1","4930.00","2025-05-18","2025-05-18","اوفر شوز8*45+جوانتي(8.5*1050*2)+جوانتي7.5(2*975)+انتقالات+ابن سينا (1 قيد / 4930.00 ج.م)"
"لمباتللعياده","1","4900.00","2025-03-16","2025-03-16","لمبات للعيادة (1 قيد / 4900.00 ج.م)"
"بسيونيتمالسداد","1","4800.00","2025-08-04","2025-08-04","بسيوني/تم السداد (1 قيد / 4800.00 ج.م)"
"دفترورقاقرار","1","4750.00","2026-04-12","2026-04-12","دفتر 25*110+ورق اقرار2000*1.5 (1 قيد / 4750.00 ج.م)"
"عددجاونجونتياتمحاليل","1","4660.00","2025-08-05","2025-08-05","عدد100 جاون*22+2 جونتيات *1050+محاليل 20*18 (1 قيد / 4660.00 ج.م)"
"الطابعهدسعيد","1","4640.00","2025-08-10","2025-08-10","الطابعة/د سعيد (1 قيد / 4640.00 ج.م)"
"دالسعدنيمرتبمس","1","4630.00","2026-04-14","2026-04-14","د السعدني -مرتب م/س (1 قيد / 4630.00 ج.م)"
"فيزاالبنكالاهليشهرغلطهفيالحساب","1","4500.00","2025-02-08","2025-02-08","فيزا البنك الاهلي شهر 1 / غلطه في الحساب (1 قيد / 4500.00 ج.م)"
"قطراتسانوليفوكس","1","4425.00","2025-01-14","2025-01-14","قطرات سانوليفوكس 100*44.25 (1 قيد / 4425.00 ج.م)"
"السعدنيبسيوني","1","4400.00","2025-04-29","2025-04-29","السعدني / بسيوني (1 قيد / 4400.00 ج.م)"
"علبتينتعقيمصغيرين","1","4400.00","2026-09-03","2026-09-03","علبتين تعقيم صغيرين (1 قيد / 4400.00 ج.م)"
"طابعهعياده","1","4370.00","2025-07-15","2025-07-15","طابعة عيادة (1 قيد / 4370.00 ج.م)"
"بالطوهاتتفصيل","1","4250.00","2024-10-29","2024-10-29","بالطوهات تفصيل 17*250 (1 قيد / 4250.00 ج.م)"
"حسابجونتياتشاشمناديلسرنجاتو","1","4200.00","2025-12-24","2025-12-24","حساب جونتيات+شاش+مناديل+سرنجات 5و10 (1 قيد / 4200.00 ج.م)"
"ميتوميسنعلب","1","4200.00","2025-08-14","2025-08-14","ميتوميسن 7 علب*600 (1 قيد / 4200.00 ج.م)"
"فكوتركيبصيدليهسبربايتم","1","4125.00","2024-10-01","2024-10-01","فك وتركيب صيدلية سبرباي/تم (1 قيد / 4125.00 ج.م)"
"منحسابالعيادهشهر","1","4050.00","2024-06-30","2024-06-30","من حساب العيادة شهر 6 (1 قيد / 4050.00 ج.م)"
"ابويوسفنقدافيزادالسعدني","1","4000.00","2025-11-17","2025-11-17","أبو يوسف نقدا+فيزا د السعدني (1 قيد / 4000.00 ج.م)"
"العربيهابويوسف","1","4000.00","2025-01-09","2025-01-09","العربية ابو يوسف (1 قيد / 4000.00 ج.م)"
"تحتحسابجوانتيات","1","4000.00","2026-01-27","2026-01-27","تحت حساب جوانتيات (1 قيد / 4000.00 ج.م)"
"تحتحسابعلبجونتيات","1","4000.00","2026-07-11","2026-07-11","تحت حساب 4 علب جونتيات (1 قيد / 4000.00 ج.م)"
"تحويلشهريهجاد","1","4000.00","2026-08-24","2026-08-24","تحويل شهرية جاد (1 قيد / 4000.00 ج.م)"
"تحويلهشام","1","4000.00","2025-11-23","2025-11-23","تحويل هشام (1 قيد / 4000.00 ج.م)"
"جاديدالجهاز","1","4000.00","2025-07-27","2025-07-27","جاد يد الجهاز (1 قيد / 4000.00 ج.م)"
"دالسعدنيسمير","1","4000.00","2024-02-15","2024-02-15","د السعدني / سمير (1 قيد / 4000.00 ج.م)"
"شهريهجادانستا","1","4000.00","2026-09-13","2026-09-13","شهرية جاد-انستا (1 قيد / 4000.00 ج.م)"
"شهريهجادتمدفعهامنانستابايمصطفيالسعدني","1","4000.00","2025-10-29","2025-10-29","شهرية جاد تم دفعها من انستا باي مصطفى السعدني (1 قيد / 4000.00 ج.م)"
"علبتينتعقيم","1","4000.00","2024-09-21","2024-09-21","علبتين تعقيم (1 قيد / 4000.00 ج.م)"
"كارتله","1","4000.00","2024-09-16","2024-09-16","كارتله (4*1000) (1 قيد / 4000.00 ج.م)"
"كرتونتينبيتادين","1","4000.00","2024-12-12","2024-12-12","كرتونتين بيتادين (1 قيد / 4000.00 ج.م)"
"مرتبجادشهريه","1","4000.00","2025-08-17","2025-08-17","مرتب جاد/شهرية (1 قيد / 4000.00 ج.م)"
"مرتبمحمودالفقي","1","4000.00","2026-09-01","2026-09-01","مرتب محمود الفقي (1 قيد / 4000.00 ج.م)"
"نميرحتينهايهشهر","1","3950.00","2024-08-14","2024-08-14","نمير حتي نهاية شهر 7 (1 قيد / 3950.00 ج.م)"
"جوانتمعقماوفرهيدشوز","1","3930.00","2024-02-22","2024-02-22","جوانت معقم3*1050+اوفر هيد3*160+شوز6*50 (1 قيد / 3930.00 ج.م)"
"لمبهجهازكفرالشيخطورش","1","3900.00","2025-11-24","2025-11-24","لمبة جهاز كفرالشيخ+2طورش (1 قيد / 3900.00 ج.م)"
"نسبهشهرواساسيشهروشيرين","1","3825.00","2025-08-16","2025-08-16","نسبة شهر 5 و أساسي شهر 6 و 7 (شيرين) (1 قيد / 3825.00 ج.م)"
"اسطوانتيننقلرايحجاي","1","3800.00","2026-01-12","2026-01-12","اسطوانتين*450+نقل رايح جاي2900 (1 قيد / 3800.00 ج.م)"
"باقيالمشارط","1","3800.00","2025-09-28","2025-09-28","باقي المشارط (1 قيد / 3800.00 ج.م)"
"الوانالطابعهاكراميه","1","3700.00","2026-01-27","2026-01-27","الوان الطابعه (4*2)*450 + 100 اكراميه (1 قيد / 3700.00 ج.م)"
"دالسعدنيبسنتالبنات","1","3700.00","2024-01-15","2024-01-15","د/السعدني بسنت البنات (1 قيد / 3700.00 ج.م)"
"سترليممستوردمصري","1","3700.00","2026-06-24","2026-06-24","10 سترليم مستورد-1مصري (1 قيد / 3700.00 ج.م)"
"dvr","1","3700.00","2026-08-04","2026-08-04","dvr (1 قيد / 3700.00 ج.م)"
"جاوناتمناديلسحبحماممشوارين","1","3680.00","2025-06-10","2025-06-10","جاونات100*22 +مناديل سحب2*425+2 حمام*275+80 مشوارين (1 قيد / 3680.00 ج.م)"
"صندوقالقرضريهاميسددشهر","1","3600.00","2024-09-18","2024-09-18","صندوق القرض / ريهام يسدد شهر 11 (1 قيد / 3600.00 ج.م)"
"لابدالسعدنيللمركز","1","3600.00","2024-04-24","2024-04-24","لاب د. السعدني للمركز (1 قيد / 3600.00 ج.م)"
"محمدجاد","1","3600.00","2025-04-17","2025-04-17","محمد جاد (1 قيد / 3600.00 ج.م)"
"امانقسطالدكتوره","1","3500.00","2025-10-05","2025-10-05","امان-قسط الدكتورة (1 قيد / 3500.00 ج.م)"
"حلوياتالافطار","1","3500.00","2026-03-04","2026-03-04","حلويات الإفطار 5*700 (1 قيد / 3500.00 ج.م)"
"دالسعدنياللاب","1","3500.00","2024-12-28","2024-12-28","د السعدني / اللاب (1 قيد / 3500.00 ج.م)"
"شقهاسكندريهسدادمنكفرالشيخشهر","1","3500.00","2025-11-06","2025-11-06","شقة اسكندريه-سدادمن كفر الشيخ شهر 10 (1 قيد / 3500.00 ج.م)"
"طردالدكتور","1","3500.00","2026-06-01","2026-06-01","طرد الدكتور (1 قيد / 3500.00 ج.م)"
"قسطامانالدكتوره","1","3500.00","2025-11-02","2025-11-02","قسط امان / الدكتوره (1 قيد / 3500.00 ج.م)"
"قطراتهيالوبتيك","1","3450.00","2025-04-26","2025-04-26","قطرات هيالوبتيك*100 (1 قيد / 3450.00 ج.م)"
"صيانهالموتور","1","3420.00","2026-09-02","2026-09-02","صيانة الموتور (1 قيد / 3420.00 ج.م)"
"لمبهللعيادهالفاطميه","1","3400.00","2024-05-11","2024-05-11","لمبة للعيادة /الفاطمية (1 قيد / 3400.00 ج.م)"
"فارمابريد","1","3385.00","2026-02-26","2026-02-26","100 فارمابريد (1 قيد / 3385.00 ج.م)"
"قطرهفارمابريد","1","3385.00","2026-02-17","2026-02-17","100 قطرة فارما بريد (1 قيد / 3385.00 ج.م)"
"الكهرباءتغييرمفاتيحالعموميالتكييف","1","3360.00","2026-06-27","2026-06-27","الكهرباءتغيير مفاتيح العمومي+التكييف (1 قيد / 3360.00 ج.م)"
"بالتتينمناديلجاونعلبهسرنجاتسمانتقالات","1","3360.00","2024-08-19","2024-08-19","بالتتين مناديل*315+105جاون*22+علبة سرنجات 10سم*300+3 انتقالات (1 قيد / 3360.00 ج.م)"
"عددعلبهلوبستيراموكسيسيارو","1","3325.00","2024-03-17","2024-03-17","عدد 50 علبة لوبستيرا+موكسيسيارو (1 قيد / 3325.00 ج.م)"
"نتلـنتالشروق","1","3300.00","2025-02-05","2025-02-05","نت 10لـ2+نت الشروق 2 (1 قيد / 3300.00 ج.م)"
"بسيونياوردرالدكتوره","1","3200.00","2025-06-24","2025-06-24","بسيوني 1000/ اوردر الدكتوره 2200 (1 قيد / 3200.00 ج.م)"
"روشتات","1","3185.00","2024-01-09","2024-01-09","روشتات 52*61.25 (1 قيد / 3185.00 ج.م)"
"قطراتهيالوبيتك","1","3170.00","2025-07-28","2025-07-28","قطرات100هيالوبيتك*31.7 (1 قيد / 3170.00 ج.م)"
"عدددفتر","1","3150.00","2024-05-28","2024-05-28","عدد45 دفتر *70 (1 قيد / 3150.00 ج.م)"
"جوانتياتاوفرهيدبيتادين","1","3110.00","2024-08-12","2024-08-12","جوانتيات+اوفر هيد+بيتادين (1 قيد / 3110.00 ج.م)"
"اسطوانتيننيتروجين","1","3100.00","2024-11-21","2024-11-21","اسطوانتين نيتروجين (1 قيد / 3100.00 ج.م)"
"بالطوتمريضمقماشجطرحمواصلات","1","3100.00","2024-09-18","2024-09-18","بالطو تمريض (25م قماش 2000ج ,1050 طرح 14*75 , 50 مواصلات) (1 قيد / 3100.00 ج.م)"
"عددمحلولجوانتيمعقمسرنجاتمواصلات","1","3100.00","2025-06-19","2025-06-19","عدد20محلول*20+2 جوانتي معقم*1050+2سرنجات*260+80مواصلات (1 قيد / 3100.00 ج.م)"
"مصطفيالسعدنيانستااوفو","1","3060.00","2024-10-19","2024-10-19","مصطفى السعدني انستا اوفو (1 قيد / 3060.00 ج.م)"
"لمبهيونيتلدالسعدنيالسفر","1","3050.00","2025-10-07","2025-10-07","لمبة يونيت لد السعدني السفر (1 قيد / 3050.00 ج.م)"
"هاردللسيرفرمواصلات","1","3050.00","2026-08-31","2026-08-31","هارد للسيرفر+مواصلات (1 قيد / 3050.00 ج.م)"
"ابويوسفبنزينللساحلوالقاهره","1","3000.00","2026-06-11","2026-06-11","ابويوسف-بنزين للساحل والقاهرة (1 قيد / 3000.00 ج.م)"
"ابويوسفعسل","1","3000.00","2026-07-21","2026-07-21","أبو يوسف - عسل (1 قيد / 3000.00 ج.م)"
"الاوتوريفجاللينسميترج","1","3000.00","2025-12-24","2025-12-24","الاوتوريف ٢٥٠٠ج اللينس ميتر ٥٠٠ج (1 قيد / 3000.00 ج.م)"
"تحتحسابضرايبالصفوهدالسعدني","1","3000.00","2024-12-23","2024-12-23","تحت حساب ضرايب الصفوة د السعدني (1 قيد / 3000.00 ج.م)"
"تحتحسابكفراتالاشعه","1","3000.00","2025-06-30","2025-06-30","تحت حساب كفرات الاشعه (1 قيد / 3000.00 ج.م)"
"جاوناتسرنجهسمسرنجهسم","1","3000.00","2025-04-13","2025-04-13","جاونات110*22+1 سرنجة5سم*315+1سرنجة3 سم*300 (1 قيد / 3000.00 ج.م)"
"دالسعدنيفايلاتحسن","1","3000.00","2025-01-28","2025-01-28","د السعدني فايلات حسن (1 قيد / 3000.00 ج.م)"
"دالسعدنيمشروعالعلاج","1","3000.00","2025-02-10","2025-02-10","د.السعدني / مشروع العلاج (1 قيد / 3000.00 ج.م)"
"دالسعدنينقطه","1","3000.00","2024-04-17","2024-04-17","د السعدني نقطة (1 قيد / 3000.00 ج.م)"
"سميهسدادشهر","1","3000.00","2026-04-19","2026-04-19","سميه /سداد شهر 6 (1 قيد / 3000.00 ج.م)"
"طهطبي","1","3000.00","2026-07-21","2026-07-21","طه-طبي (1 قيد / 3000.00 ج.م)"
"كهرباءالداردالسعدني","1","3000.00","2026-08-16","2026-08-16","كهرباء الدار د السعدني (1 قيد / 3000.00 ج.م)"
"الغرفه","1","2900.00","2025-10-27","2025-10-27","الغرفة (1 قيد / 2900.00 ج.م)"
"طابعهالشروقتغييرحبر","1","2900.00","2026-04-22","2026-04-22","طابعة الشروق تغيير حبر (1 قيد / 2900.00 ج.م)"
"جاونجوانتيات","1","2870.00","2024-09-18","2024-09-18","جاون+جوانتيات (1 قيد / 2870.00 ج.م)"
"محمودشهر","1","2850.00","2026-01-06","2026-01-06","محمود شهر 12 (1 قيد / 2850.00 ج.م)"
"تحويلانستاالدكتوره","1","2800.00","2025-09-28","2025-09-28","تحويل انستا الدكتوره (1 قيد / 2800.00 ج.م)"
"فارماتيرز","1","2780.00","2024-06-12","2024-06-12","فارما تيرز100*27.8 (1 قيد / 2780.00 ج.م)"
"ابويوسفبصل","1","2750.00","2024-05-05","2024-05-05","ابو يوسف / بصل (1 قيد / 2750.00 ج.م)"
"بيتادينجركنكلور","1","2750.00","2025-08-18","2025-08-18","بيتادين 2 جركن+كلور (1 قيد / 2750.00 ج.م)"
"قطراتفارماتيرز","1","2750.00","2024-11-18","2024-11-18","قطرات 100*27.5فارما تيرز (1 قيد / 2750.00 ج.م)"
"نتبطرسوالشروقوكفرالشيخمنل","1","2750.00","2024-02-05","2024-02-05","نت بطرس والشروق وكفر الشيخ من 11ل2 (1 قيد / 2750.00 ج.م)"
"السعدنيازازالعربيه","1","2730.00","2025-09-03","2025-09-03","السعدني / ازاز العربيه (1 قيد / 2730.00 ج.م)"
"عدددفترروشتاتمدفوععربون","1","2700.00","2026-06-11","2026-06-11","عدد25 دفتر روشتات*128 مدفوع عربون 500 (1 قيد / 2700.00 ج.م)"
"عصامبدايهمن","1","2700.00","2025-06-01","2025-06-01","عصام بداية من 1-8/2024--10/1 (500) (1 قيد / 2700.00 ج.م)"
"نتبطرسووو","1","2620.00","2025-08-03","2025-08-03","نت بطرس 5 (690) و 6 (550) و 7 (690) و 8 (690) (1 قيد / 2620.00 ج.م)"
"لمبهنيترزتانيه","1","2600.00","2024-05-13","2024-05-13","لمبة نيترز تانية (1 قيد / 2600.00 ج.م)"
"البناتماثسدادمنكفرالشيخشهر","1","2550.00","2025-11-05","2025-11-05","البنات / ماث-سداد من كفر الشيخ شهر 10 (1 قيد / 2550.00 ج.م)"
"ابويوسفالساحل","1","2500.00","2026-07-13","2026-07-13","أبو يوسف -الساحل (1 قيد / 2500.00 ج.م)"
"ابويوسفالقاهره","1","2500.00","2026-06-01","2026-06-01","أبو يوسف-القاهرة (1 قيد / 2500.00 ج.م)"
"الدكتورهتابرويرسدادمنكفرالشيخشهر","1","2500.00","2025-11-04","2025-11-04","الدكتوره / تابروير-سداد من كفر الشيخ شهر 10 (1 قيد / 2500.00 ج.م)"
"النضارهدالسعدني","1","2500.00","2025-04-23","2025-04-23","النضارة د السعدني (1 قيد / 2500.00 ج.م)"
"باقيحسابتباتدالسعدني","1","2500.00","2024-05-21","2024-05-21","باقي حساب تبات د السعدني (1 قيد / 2500.00 ج.م)"
"تحتحسابتحليلالعينه","1","2500.00","2025-08-18","2025-08-18","تحت حساب تحليل العينه (1 قيد / 2500.00 ج.م)"
"جونات","1","2500.00","2025-11-18","2025-11-18","جونات (1 قيد / 2500.00 ج.م)"
"دالسعدنيحالهعزيزهمحمودياسين","1","2500.00","2026-07-06","2026-07-06","د السعدني-حالة عزيزة محمود ياسين (1 قيد / 2500.00 ج.م)"
"دالسعدنيشقهالصفوه","1","2500.00","2025-04-16","2025-04-16","د السعدني-شقة الصفوة- (1 قيد / 2500.00 ج.م)"
"رسومالسجلالتجاري","1","2500.00","2024-09-09","2024-09-09","رسوم السجل التجاري (1 قيد / 2500.00 ج.م)"
"كارتنضارهوتحويل","1","2500.00","2024-06-11","2024-06-11","كارت نضارة وتحويل 2000*1.25 (1 قيد / 2500.00 ج.م)"
"قطرهموكسيخصم","1","2475.00","2026-02-01","2026-02-01","قطرة موكسي 100*33-.25 خصم (1 قيد / 2475.00 ج.م)"
"الصوافتمالسداد","1","2425.00","2024-07-02","2024-07-02","الصواف/تم السداد (1 قيد / 2425.00 ج.م)"
"قطرهموكسيفلوكس","1","2410.00","2025-04-30","2025-04-30","قطرة موكسي فلوكس 100*24.10 (1 قيد / 2410.00 ج.م)"
"دسيدعباس","1","2400.00","2026-05-19","2026-05-19","د سيد عباس (1 قيد / 2400.00 ج.م)"
"كارتنضارهطناكفرالشيخختمدايري","1","2400.00","2025-06-26","2025-06-26","كارت نضارة طنا كفرالشيخ 2000*.75+2 ختم دائري (1 قيد / 2400.00 ج.م)"
"مكافاهدالسعدنيشيرينشهروو","1","2400.00","2025-08-16","2025-08-16","مكافأة د السعدني شيرين شهر 5 و 6 و 7 (1 قيد / 2400.00 ج.م)"
"بيتادينكلور","1","2375.00","2025-02-02","2025-02-02","بيتادين+كلور (1 قيد / 2375.00 ج.م)"
"حبرللطابعهحبرللطابعهاسود","1","2375.00","2026-09-06","2026-09-06","حبر للطابعة475*4+حبر للطابعة اسود475*1 (1 قيد / 2375.00 ج.م)"
"المشروبات","1","2350.00","2026-03-04","2026-03-04","المشروبات (1 قيد / 2350.00 ج.م)"
"قطراتمونودوكسين","1","2320.00","2024-03-28","2024-03-28","قطرات مونودوكسين100*23.2 (1 قيد / 2320.00 ج.م)"
"ابويوسفتغييرزيتكارينز","1","2300.00","2026-04-21","2026-04-21","أبو يوسف تغيير زيت كارينز (1 قيد / 2300.00 ج.م)"
"اشتراكالغرفهالتجاريه","1","2300.00","2026-07-26","2026-07-26","اشتراك الغرفة التجارية (1 قيد / 2300.00 ج.م)"
"كهربابيتدالسعدني","1","2300.00","2026-04-18","2026-04-18","كهربا بيت د السعدني (1 قيد / 2300.00 ج.م)"
"مايهالساحل","1","2300.00","2025-06-15","2025-06-15","ماية الساحل (1 قيد / 2300.00 ج.م)"
"نتبطرسشهورارضيشهور","1","2300.00","2024-09-10","2024-09-10","نت بطرس 4 شهور6-9/ارضي 3 شهور (1 قيد / 2300.00 ج.م)"
"تصفيهعداداتالكهربامخزنصدقي","1","2270.00","2025-10-04","2025-10-04","تصفية عدادات الكهربا مخزن صدقي (1 قيد / 2270.00 ج.م)"
"تغييرحبرطابعهالشروق","1","2250.00","2025-06-01","2025-06-01","تغيير حبر طابعة الشروق (1 قيد / 2250.00 ج.م)"
"شهردنميرعمليه","1","2250.00","2024-04-07","2024-04-07","شهر2-3 دنمير 22.5 عملية (1 قيد / 2250.00 ج.م)"
"الجوناتمواصلات","1","2240.00","2024-12-05","2024-12-05","/الجونات100*22+40مواصلات (1 قيد / 2240.00 ج.م)"
"جاونمواصلات","1","2240.00","2026-01-11","2026-01-11","جاون22*100+مواصلات (1 قيد / 2240.00 ج.م)"
"تحتحورقتعقيمواوفرشوزوهيد","1","2200.00","2026-02-04","2026-02-04","تحت .ح. ورق تعقيم واوفر شوز وهيد (1 قيد / 2200.00 ج.م)"
"جاونطبيب","1","2200.00","2024-10-24","2024-10-24","جاون طبيب/100*22 (1 قيد / 2200.00 ج.م)"
"شحنالميتالهيدمرتجعابنسينامواصلات","1","2200.00","2025-01-19","2025-01-19","شحن الميتال هيد-مرتجع ابن سينا مواصلات (2500-300) (1 قيد / 2200.00 ج.م)"
"فراشهمشال","1","2200.00","2026-03-04","2026-03-04","فراشة+مشال (1 قيد / 2200.00 ج.م)"
"يافطهبابالشقه","1","2200.00","2026-09-03","2026-09-03","يافطة باب الشقة (1 قيد / 2200.00 ج.م)"
"ميدراسيلبلجيكابينوكس","1","2150.00","2026-05-20","2026-05-20","ميدراسيل1+25 بلجيكا+40 بينوكس1 (1 قيد / 2150.00 ج.م)"
"حبرالطابعه","1","2125.00","2024-05-29","2024-05-29","حبر الطابعة (1 قيد / 2125.00 ج.م)"
"السعدنيفلوماكبنزين","1","2100.00","2025-07-02","2025-07-02","السعدني/فلوماك/بنزين (1 قيد / 2100.00 ج.م)"
"جوانتيمعقمعلبتين","1","2100.00","2024-07-08","2024-07-08","جوانتي معقم علبتين 50*1050 (1 قيد / 2100.00 ج.م)"
"حونتيات","1","2100.00","2024-08-11","2024-08-11","حونتيات 2*1050 (1 قيد / 2100.00 ج.م)"
"دمحمدعبدالرحيمرسالهتمالسداد","1","2100.00","2024-07-02","2024-07-02","د محمد عبد الرحيم رسالة/تم السداد (1 قيد / 2100.00 ج.م)"
"كهرباالمواصلات","1","2100.00","2026-01-12","2026-01-12","كهربا + المواصلات (1 قيد / 2100.00 ج.م)"
"جونتيمعقماوفرهيدواوفرشوزو","1","2085.00","2024-01-06","2024-01-06","جونتي معقم3*620+اوفر هيد واوفر شوز 2و4 (1 قيد / 2085.00 ج.م)"
"باقيكروتالتحويلمشاويرستادللكودظرف","1","2050.00","2025-07-27","2025-07-27","باقي كروت التحويل1500+160 4 مشاوير+2 ستاد للكود+6 ظرف (1 قيد / 2050.00 ج.م)"
"كهرباانتقالاتشركهالكهربا","1","2040.00","2024-08-28","2024-08-28","كهربا+ انتقالات شركة الكهربا (1 قيد / 2040.00 ج.م)"
"مكتبالمحاسبهاستخراجوثيقهللضرايب","1","2020.00","2024-09-03","2024-09-03","مكتب المحاسبة استخراج وثيقة للضرايب (1 قيد / 2020.00 ج.م)"
"باقيجاوناتمحاليلمناديل","1","2015.00","2026-07-12","2026-07-12","باقي جاونات+محاليل+مناديل (1 قيد / 2015.00 ج.م)"
"ابوعمرالسبتتمالسداد","1","2000.00","2026-01-22","2026-01-22","ابو عمر السبت-تم السداد (1 قيد / 2000.00 ج.م)"
"ابويوسفبنزينالقاهره","1","2000.00","2026-08-09","2026-08-09","أبو يوسف / بنزين القاهره (1 قيد / 2000.00 ج.م)"
"البناتعربي","1","2000.00","2025-01-06","2025-01-06","البنات عربي (1 قيد / 2000.00 ج.م)"
"الجمعياتالرضوانامحمدسلطان","1","2000.00","2025-05-29","2025-05-29","الجمعيات (الرضوان+ا محمد سلطان ) (1 قيد / 2000.00 ج.م)"
"الدكتوره","1","2000.00","2024-08-01","2024-08-01","الدكتوره (1 قيد / 2000.00 ج.م)"
"السعدنيريموت","1","2000.00","2025-02-09","2025-02-09","السعدني / ريموت (1 قيد / 2000.00 ج.م)"
"السعدنينضاره","1","2000.00","2025-02-16","2025-02-16","السعدني / نضاره (1 قيد / 2000.00 ج.م)"
"ايمانمنالقرضتمالسداد","1","2000.00","2024-07-30","2024-07-30","ايمان من القرض/تم السداد (1 قيد / 2000.00 ج.م)"
"باقيحسابالزجاجوالابواباجمالي","1","2000.00","2026-08-16","2026-08-16","باقي حساب الزجاج والابواب اجمالي11000 (1 قيد / 2000.00 ج.م)"
"بكر","1","2000.00","2026-07-29","2026-07-29","بكر100*20 (1 قيد / 2000.00 ج.م)"
"تحتحسابسفراسكندريهالمطار","1","2000.00","2026-06-25","2026-06-25","تحت حساب سفر اسكندرية +المطار (1 قيد / 2000.00 ج.م)"
"ترجمهالتوكيلاتدالسعدني","1","2000.00","2024-07-24","2024-07-24","ترجمة التوكيلات  د السعدني (1 قيد / 2000.00 ج.م)"
"تصليحلابالبنتاكاموالاوضه","1","2000.00","2026-02-16","2026-02-16","تصليح لاب البنتاكام و الاوضه (1 قيد / 2000.00 ج.م)"
"تمالسداد","1","2000.00","2024-11-25","2024-11-25","تم السداد1-12 (1 قيد / 2000.00 ج.م)"
"جميعهالرضوانمحمدسلطان","1","2000.00","2025-10-02","2025-10-02","جميعة الرضوان / محمد سلطان (1 قيد / 2000.00 ج.م)"
"حسناءالترخيص","1","2000.00","2026-07-18","2026-07-18","حسناء-الترخيص (1 قيد / 2000.00 ج.م)"
"حفلهدحازم","1","2000.00","2025-09-14","2025-09-14","حفلة د حازم (1 قيد / 2000.00 ج.م)"
"دالسعدنيالجمعيه","1","2000.00","2024-02-01","2024-02-01","د السعدني الجمعية (1 قيد / 2000.00 ج.م)"
"دالسعدنيجمعيات","1","2000.00","2026-02-02","2026-02-02","د السعدني جمعيات (1 قيد / 2000.00 ج.م)"
"دالسعدنييومبكرهاوالتلاتسددمناصليوم","1","2000.00","2025-03-23","2025-03-23","د السعدني يوم بكره او التلات-سدد18000 من اصل 20000يوم25 (1 قيد / 2000.00 ج.م)"
"شقهالبحر","1","2000.00","2025-04-08","2025-04-08","شقة البحر (1 قيد / 2000.00 ج.م)"
"صيانهيونتاتكفرالشيخيونتالشروق","1","2000.00","2025-10-27","2025-10-27","صيانة يونتات كفر الشيخ+يونت الشروق (1 قيد / 2000.00 ج.م)"
"عمولهمخزنصدقي","1","2000.00","2025-10-06","2025-10-06","عمولة مخزن صدقي (1 قيد / 2000.00 ج.م)"
"كهرباءطه","1","2000.00","2025-06-10","2025-06-10","كهرباء/طه (1 قيد / 2000.00 ج.م)"
"كهربابيتدالسعدنيتمالسدادك","1","2000.00","2024-09-10","2024-09-10","كهربا بيت د/السعدني/تم السداد ك (1 قيد / 2000.00 ج.م)"
"ورق","1","2000.00","2025-08-30","2025-08-30","ورق 15*132 (1 قيد / 2000.00 ج.م)"
"ورقحافظهمواصلات","1","2000.00","2024-08-17","2024-08-17","ورق 1800/حافظه 200/مواصلات 40 (1 قيد / 2000.00 ج.م)"
"عددقطرهسايكلو","1","1970.00","2024-08-22","2024-08-22","عدد72 قطرة سايكلو (1 قيد / 1970.00 ج.م)"
"اوركابريد","1","1950.00","2024-04-18","2024-04-18","اوركابريد100*19.5 (1 قيد / 1950.00 ج.م)"
"تركيبقطعغيارالكارينز","1","1950.00","2025-08-02","2025-08-02","تركيب قطع غيار الكارينز (1 قيد / 1950.00 ج.م)"
"نميرمرتجعمنحتيباقي","1","1950.00","2025-01-08","2025-01-08","نمير مرتجع من 1-8 حتى 31-12(باقي1900) (1 قيد / 1950.00 ج.م)"
"كروكسابيضعملياتمناديلسحبمناديلبكركرتونهمياهمواصلات","1","1945.00","2025-10-06","2025-10-06","كروكس ابيض عمليات 5*85+مناديل سحب39+مناديل بكر350+2 كرتونة مياه*350+80مواصلات (1 قيد / 1945.00 ج.م)"
"ورقباكتباكتوملفاتشفافهمواصلات","1","1925.00","2025-01-23","2025-01-23","ورق5 باكت70+5 باكت80 وملفات شفافة 3*85+مواصلات (1 قيد / 1925.00 ج.م)"
"دنميرباقيحسابهحتي","1","1900.00","2025-01-19","2025-01-19","د نمير باقي حسابه حتى 31-12 (1 قيد / 1900.00 ج.م)"
"مرضاتسددمنالجمعيهشهريا","1","1900.00","2025-11-30","2025-11-30","م رضا تسدد من الجمعيه + 3000 شهريا (1 قيد / 1900.00 ج.م)"
"ادواتمكتبيهاكواببلاستيكمواصلاتمرتين","1","1890.00","2024-11-12","2024-11-12","ادوات مكتبية+ اكواب بلاستيك+مواصلات  مرتين (1 قيد / 1890.00 ج.م)"
"الدار","1","1880.00","2026-04-14","2026-04-14","الدار (1 قيد / 1880.00 ج.م)"
"الداردالسعدني","1","1880.00","2024-11-18","2024-11-18","الدار دالسعدني (1 قيد / 1880.00 ج.م)"
"دالسعدنيالدار","1","1880.00","2025-01-23","2025-01-23","دالسعدني الدار (1 قيد / 1880.00 ج.م)"
"دالسعدنيكهرباالدار","1","1880.00","2024-06-23","2024-06-23","د. السعدني كهربا الدار (1 قيد / 1880.00 ج.م)"
"كهرباالداردالسعدني","1","1880.00","2025-04-14","2025-04-14","كهربا الدار -دالسعدني (1 قيد / 1880.00 ج.م)"
"السعدنيفلوماك","1","1875.00","2025-07-06","2025-07-06","السعدني / فلوماك (1 قيد / 1875.00 ج.م)"
"قطراتاوجو","1","1875.00","2025-11-29","2025-11-29","قطرات اوجو 18.75*100 (1 قيد / 1875.00 ج.م)"
"ورقطباعهججانتقالاتمواصلاتكرسيبنتاكامالشروق","1","1875.00","2024-11-30","2024-11-30","ورق طباعه5*80ج+5*70ج+انتقالات+مواصلات كرسي بنتاكام الشروق (1 قيد / 1875.00 ج.م)"
"دوسيهاتاساتكفايلاتشفافهانتقالات","1","1855.00","2025-08-16","2025-08-16","دوسيهات+اساتك+فايلات شفافة+انتقالات (1 قيد / 1855.00 ج.م)"
"علبتينسرنجاتسمفايلكابوليمشوارين","1","1845.00","2025-05-27","2025-05-27","علبتين سرنجات 10 سم*325+10 فايل *65+3 كابولي*155+80 مشوارين (1 قيد / 1845.00 ج.م)"
"حسابالعصايرعبوه","1","1835.00","2025-03-18","2025-03-18","حساب العصاير 50 عبوه (1 قيد / 1835.00 ج.م)"
"دالسعدنينضارات","1","1820.00","2026-01-04","2026-01-04","د السعدني/نضارات (1 قيد / 1820.00 ج.م)"
"ابويوسفترخيصالعربيه","1","1800.00","2025-09-06","2025-09-06","أبو يوسف ترخيص العربيه (1 قيد / 1800.00 ج.م)"
"تلصيحالبروجيكتورالشروق","1","1800.00","2025-12-24","2025-12-24","تلصيح البروجيكتور-الشروق (1 قيد / 1800.00 ج.م)"
"فرقشفتاتدسعيدشهرمارسدسما","1","1762.00","2025-04-06","2025-04-06","فرق شفتات د سعيد شهر مارس1292+دسما470 (1 قيد / 1762.00 ج.م)"
"باقيحبرالطابعهاحتياطي","1","1750.00","2026-09-06","2026-09-06","باقي حبر الطابعة3*475+احتياطي (1 قيد / 1750.00 ج.م)"
"هاردسيرفرجيجامتبقيجلط","1","1750.00","2026-03-01","2026-03-01","هارد سيرفر ٥٠٠ جيجا متبقي ٢٠٠ج ل ط (1 قيد / 1750.00 ج.م)"
"البناتجدواالصيدليهج","1","1725.00","2024-03-13","2024-03-13","البنات1000ج/ دوا الصيدليه725ج (1 قيد / 1725.00 ج.م)"
"مكتبياتمحاليللوحاتاوفرشوز","1","1725.00","2026-08-18","2026-08-18","مكتبيات+محاليل+لوحات+اوفر شوز (1 قيد / 1725.00 ج.م)"
"ابويوسفالدكتورهسفرالقاهره","1","1700.00","2026-09-15","2026-09-15","أبو يوسف الدكتورة+سفر القاهرة (1 قيد / 1700.00 ج.م)"
"ابويوسفالدكتورههشام","1","1700.00","2025-06-14","2025-06-14","ابو يوسف (الدكتورة+هشام) (1 قيد / 1700.00 ج.م)"
"الطابعه","1","1700.00","2025-03-10","2025-03-10","الطابعة (1 قيد / 1700.00 ج.م)"
"بطاريهلابدالسعدني","1","1700.00","2024-05-07","2024-05-07","بطارية لاب د. السعدني (1 قيد / 1700.00 ج.م)"
"حبرطابعهالشروق","1","1700.00","2024-10-13","2024-10-13","حبر طابعة الشروق (1 قيد / 1700.00 ج.م)"
"شهادهالليزرترخيص","1","1700.00","2026-08-04","2026-08-04","شهادة الليزر -ترخيص (1 قيد / 1700.00 ج.م)"
"يافطهارضالسعدنيمواصلاتكفرالشيخ","1","1680.00","2024-11-14","2024-11-14","يافطة ارض السعدني+ مواصلات  +كفرالشيخ (1 قيد / 1680.00 ج.م)"
"كشوفاتدسعيد","1","1620.00","2025-10-02","2025-10-02","كشوفات د سعيد (1 قيد / 1620.00 ج.م)"
"اضافيالشروقشهرفبرايرويناير","1","1606.00","2025-03-16","2025-03-16","اضافي الشروق شهر فبراير ويناير (1 قيد / 1606.00 ج.م)"
"ابويوسفالبيتمبيداتتم","1","1600.00","2024-10-17","2024-10-17","ابو يوسف/البيت مبيدات تم (1 قيد / 1600.00 ج.م)"
"تكملهللعياده","1","1600.00","2026-02-10","2026-02-10","تكملة للعيادة (1 قيد / 1600.00 ج.م)"
"علبهتعقيمصغيره","1","1600.00","2025-01-26","2025-01-26","علبة تعقيم صغيرة (1 قيد / 1600.00 ج.م)"
"كرسياوضهالدكاتره","1","1600.00","2024-09-28","2024-09-28","كرسي اوضة الدكاتره (2*800) (1 قيد / 1600.00 ج.م)"
"تغييردراماسودللطابعه","1","1550.00","2025-09-25","2025-09-25","تغيير درام اسود للطابعة (1 قيد / 1550.00 ج.م)"
"محمدرمضاندالسعدني","1","1550.00","2024-04-14","2024-04-14","محمد رمضان/د السعدني (1 قيد / 1550.00 ج.م)"
"مستلزماترولتعقيماوفرشوزوهيدمواصلات","1","1550.00","2025-02-11","2025-02-11","مستلزمات رول تعقيم+اوفر شوز وهيد+مواصلات (1 قيد / 1550.00 ج.م)"
"سلوكالاستقبالمصنعيهالكهربايي","1","1545.00","2024-09-05","2024-09-05","سلوك الاستقبال + مصنعية الكهربائي (1 قيد / 1545.00 ج.م)"
"حسابالمناديلمواصلات","1","1540.00","2025-01-30","2025-01-30","حساب المناديل+مواصلات (1 قيد / 1540.00 ج.م)"
"ابويوسفدهان","1","1500.00","2025-04-26","2025-04-26","ابو يوسف / دهان (1 قيد / 1500.00 ج.م)"
"اكياسزبالهك","1","1500.00","2024-03-05","2024-03-05","اكياس زبالة 25ك*60 (1 قيد / 1500.00 ج.م)"
"البناتالقران","1","1500.00","2025-11-01","2025-11-01","البنات / القران (1 قيد / 1500.00 ج.م)"
"الشناويلاولالشهرتم","1","1500.00","2025-06-24","2025-06-24","الشناوي لاول الشهر/تم1-7 (1 قيد / 1500.00 ج.م)"
"الشناوييستردوالسبتتم","1","1500.00","2025-10-23","2025-10-23","الشناوي يستردو السبت-تم (1 قيد / 1500.00 ج.م)"
"اممحمودسدادمنالنسبهيوم","1","1500.00","2025-11-05","2025-11-05","ام محمود-سداد11-11 من النسبة1000-450 يوم14-12 (1 قيد / 1500.00 ج.م)"
"ايمانليومالثلاثاء","1","1500.00","2024-06-05","2024-06-05","ايمان ليوم الثلاثاء (1 قيد / 1500.00 ج.م)"
"تحتحسابالورق","1","1500.00","2026-06-23","2026-06-23","تحت حساب الورق (1 قيد / 1500.00 ج.م)"
"تحتحسابكروتنظاره","1","1500.00","2026-08-23","2026-08-23","تحت حساب كروت نظارة1000*1.5 (1 قيد / 1500.00 ج.م)"
"تحتحسابمستلزماتعمليات","1","1500.00","2026-09-20","2026-09-20","تحت حساب مستلزمات عمليات (1 قيد / 1500.00 ج.م)"
"حسابكارتنضاره","1","1500.00","2025-11-23","2025-11-23","حساب 1000 كارت نضاره (1 قيد / 1500.00 ج.م)"
"سارهلشهر","1","1500.00","2026-01-27","2026-01-27","ساره لشهر 5 (1 قيد / 1500.00 ج.م)"
"صافيتمسدادتمسداديوميوم","1","1500.00","2024-02-26","2024-02-26","صافي400/تم سداد/11/10- تم سداد(360 يوم 124)-540يوم11-8 (1 قيد / 1500.00 ج.م)"
"لمبهلبروجكتورالعيادهالاولي","1","1500.00","2026-06-10","2026-06-10","لمبة لبروجكتور العيادة الأولى (1 قيد / 1500.00 ج.م)"
"لمبهللبروجيكتورعياده","1","1500.00","2026-05-07","2026-05-07","لمبة للبروجيكتور عيادة (1 قيد / 1500.00 ج.م)"
"نتوارضيوبطرسوالشروق","1","1500.00","2025-04-26","2025-04-26","نت و ارضي 3 و 4 بطرس و الشروق (1 قيد / 1500.00 ج.م)"
"نقلكباسالاستراحهللعيادات","1","1500.00","2026-07-13","2026-07-13","نقل كباس الاستراحة للعيادات (1 قيد / 1500.00 ج.م)"
"كرتونتينمحاليلسرنجاتسم","1","1490.00","2026-06-08","2026-06-08","كرتونتين محاليل+2 سرنجات 10 سم (1 قيد / 1490.00 ج.م)"
"مستلزماترولتعقيماوفرشوزانتقالات","1","1465.00","2024-06-10","2024-06-10","مستلزمات (1375 رول تعقيم+اوفر شوز 50)+انتقالات 40 (1 قيد / 1465.00 ج.م)"
"ورقطباعهباكوباكو","1","1450.00","2024-05-01","2024-05-01","ورق طباعة باكو80+باكو70 (1 قيد / 1450.00 ج.م)"
"السعدنيالسجاده","1","1400.00","2025-11-19","2025-11-19","السعدني السجاده (1 قيد / 1400.00 ج.م)"
"حسابالفراشهمشال","1","1400.00","2025-03-18","2025-03-18","حساب الفراشة1200+200مشال (1 قيد / 1400.00 ج.م)"
"نسبهمفاطمه","1","1392.00","2025-07-12","2025-07-12","نسبة م فاطمه (1 قيد / 1392.00 ج.م)"
"حسابورقباكتجراممواصلات","1","1390.00","2025-11-16","2025-11-16","حساب ورق 2 باكت 80 جرام + مواصلات (1 قيد / 1390.00 ج.م)"
"طنطاكهربامشتريات","1","1387.00","2024-07-07","2024-07-07","طنطا - (كهربا + مشتريات ) (1 قيد / 1387.00 ج.م)"
"دالسعدنيشلت","1","1380.00","2026-04-12","2026-04-12","دالسعدني (شلت) (1 قيد / 1380.00 ج.م)"
"نسبهدسعيدشهرفبراير","1","1375.00","2026-03-04","2026-03-04","نسبة د سعيد شهر فبراير (1 قيد / 1375.00 ج.م)"
"السعدنيطهتحويلمحفظه","1","1370.00","2024-12-21","2024-12-21","السعدني / طه تحويل محفظه (1 قيد / 1370.00 ج.م)"
"تصليحشاشهالشروق","1","1350.00","2025-03-05","2025-03-05","تصليح شاشة الشروق (1 قيد / 1350.00 ج.م)"
"دنميرشهر","1","1350.00","2024-01-10","2024-01-10","د نمير شهر11+12 (1 قيد / 1350.00 ج.م)"
"نتالشروقمنحتي","1","1340.00","2026-04-18","2026-04-18","نت الشروق من 9 حتي 1 (1 قيد / 1340.00 ج.م)"
"عددجاوناوفرهيد","1","1325.00","2024-02-11","2024-02-11","عدد 55 جاون*20+5 اوفر هيد*45 (1 قيد / 1325.00 ج.م)"
"اكياسكاحمرواسودهاربيكانتقالات","1","1300.00","2024-10-20","2024-10-20","اكياس 20 ك احمر واسود+هاربيك+انتقالات (1 قيد / 1300.00 ج.م)"
"البناتقران","1","1300.00","2025-01-06","2025-01-06","البنات قرأن (1 قيد / 1300.00 ج.م)"
"اللوجونقلالباب","1","1300.00","2026-08-25","2026-08-25","اللوجو+نقل الباب (1 قيد / 1300.00 ج.م)"
"النتشهر","1","1300.00","2024-06-01","2024-06-01","النت شهر 345 (1 قيد / 1300.00 ج.م)"
"حبرطابعهازرقواصفربنتاكاماستقبال","1","1300.00","2024-12-16","2024-12-16","حبر طابعه / ازرق و اصفر بنتاكام / استقبال (1 قيد / 1300.00 ج.م)"
"صيانهجهازالتبكيتالتكييفالشروق","1","1300.00","2024-05-15","2024-05-15","صيانة جهاز التبكيت+التكييف الشروق (1 قيد / 1300.00 ج.م)"
"كارتتحويلعيونالشروق","1","1300.00","2025-01-19","2025-01-19","كارت تحويل عيون الشروق1000*1.3 (1 قيد / 1300.00 ج.م)"
"نيديلهولدرجيفتلدسعدني","1","1300.00","2025-10-06","2025-10-06","نيديل هولدر جيفت 2*650 لد سعدني (1 قيد / 1300.00 ج.م)"
"اكياسزبالهكجمواصلات","1","1280.00","2025-08-16","2025-08-16","أكياس زباله 20ك + 20ج مواصلات (1 قيد / 1280.00 ج.م)"
"جاوناتواوفرشوز","1","1280.00","2024-07-28","2024-07-28","جاونات45*22 واوفر شوز5*50 (1 قيد / 1280.00 ج.م)"
"حبرطابعهالبنتاكامازرقاصفر","1","1275.00","2025-08-02","2025-08-02","حبر طابعة البنتاكام 2 ازرق 1 اصفر (1 قيد / 1275.00 ج.م)"
"كشوفاتفيزيتاكشوفاتالمركزدسعيد","1","1275.00","2025-07-01","2025-07-01","كشوفات فيزيتا *140*5+كشوفات المركز5*115(دسعيد) (1 قيد / 1275.00 ج.م)"
"فودافوناورانج","1","1270.00","2026-09-06","2026-09-06","فودافون+اورانج (1 قيد / 1270.00 ج.م)"
"ابوعمرالجمعيه","1","1250.00","2026-06-17","2026-06-17","أبو عمر-الجمعية (1 قيد / 1250.00 ج.م)"
"ريهامليومالسبتتم","1","1250.00","2025-07-02","2025-07-02","ريهام ليوم السبت-تم7-7 (1 قيد / 1250.00 ج.م)"
"صيانهالاوتوريف","1","1250.00","2024-01-17","2024-01-17","صيانة الاوتو ريف (1 قيد / 1250.00 ج.م)"
"لمبهاليونيتعياده","1","1245.00","2025-02-22","2025-02-22","لمبة اليونيت عياده 2 (1 قيد / 1245.00 ج.م)"
"ابويوسفبنزينعلاجالقط","1","1200.00","2026-07-28","2026-07-28","أبو يوسف بنزين+علاج القط (1 قيد / 1200.00 ج.م)"
"اضافينورا","1","1200.00","2026-07-13","2026-07-13","إضافي نورا (1 قيد / 1200.00 ج.م)"
"بوكسعدساتداعتدال","1","1200.00","2024-02-04","2024-02-04","بوكس عدسات د اعتدال (1 قيد / 1200.00 ج.م)"
"بيتادينجركن","1","1200.00","2024-08-20","2024-08-20","بيتادين 2 جركن (1 قيد / 1200.00 ج.م)"
"تجديدالنفايات","1","1200.00","2025-02-16","2025-02-16","تجديد النفايات (1 قيد / 1200.00 ج.م)"
"تحتحسابجوانتياتالشروق","1","1200.00","2025-10-29","2025-10-29","تحت حساب جوانتيات الشروق (1 قيد / 1200.00 ج.م)"
"لمبهلليونت","1","1200.00","2024-11-23","2024-11-23","لمبة لليونت (1 قيد / 1200.00 ج.م)"
"هاردسيرفرجيجا","1","1200.00","2026-03-01","2026-03-01","هارد سيرفر ٢٥٦ جيجا (1 قيد / 1200.00 ج.م)"
"قطراتميدرابيدبلجيكا","1","1190.00","2024-11-28","2024-11-28","قطرات (14 ميدرابيد+20 بلجيكا*35) (1 قيد / 1190.00 ج.م)"
"تجديدالنفاياتعامينالمواصلات","1","1165.00","2026-06-07","2026-06-07","تجديد النفايات عامين+المواصلات (1 قيد / 1165.00 ج.م)"
"ابويوسفبنزينطلباتللدكتوره","1","1150.00","2025-05-21","2025-05-21","ابويوسف(بنزين+طلبات للدكتورة) (1 قيد / 1150.00 ج.م)"
"طردالدكتوره","1","1150.00","2025-04-27","2025-04-27","طرد الدكتوره (1 قيد / 1150.00 ج.م)"
"باكتورق","1","1140.00","2024-07-17","2024-07-17","باكت ورق 5*220 (1 قيد / 1140.00 ج.م)"
"جوانتيمقممقاس","1","1140.00","2024-02-26","2024-02-26","جوانتي مقم مقاس 7.5 (1 قيد / 1140.00 ج.م)"
"سلفهمرسالتمتسويتها","1","1115.00","2024-02-08","2024-02-08","سلفة مرسال تم تسويتها14-3 (1 قيد / 1115.00 ج.م)"
"ورقطباعه","1","1110.00","2024-02-11","2024-02-11","ورق طباعة6*185 (1 قيد / 1110.00 ج.م)"
"مصطفيالسعدنياللاب","1","1105.00","2025-05-06","2025-05-06","مصطفى السعدني /اللاب (1 قيد / 1105.00 ج.م)"
"السعدنيشريطدوا","1","1100.00","2024-06-05","2024-06-05","السعدني / شريط دوا (1 قيد / 1100.00 ج.م)"
"باقيحسابكروتنظاره","1","1100.00","2025-01-11","2025-01-11","باقي حساب كروت نظاره (1 قيد / 1100.00 ج.م)"
"تحتحسابحالاتالفيمتو","1","1100.00","2026-05-23","2026-05-23","تحت حساب حالات الفيمتو (1 قيد / 1100.00 ج.م)"
"ريهاميستردالتلات","1","1100.00","2025-02-23","2025-02-23","ريهام يسترد التلات (1 قيد / 1100.00 ج.م)"
"نسبهدسعيدحتياليوم","1","1100.00","2025-12-21","2025-12-21","نسبة د سعيد حتى اليوم (1 قيد / 1100.00 ج.م)"
"حسابمفاتيحكوباياتمياهمفرشبلح","1","1080.00","2025-03-19","2025-03-19","حساب 5مفاتيح+كوبايات +مياه+مفرش+بلح (1 قيد / 1080.00 ج.م)"
"كهرباءفاتورهتليفونارضي","1","1065.00","2024-05-21","2024-05-21","كهرباء +فاتورة تليفون ارضي (1 قيد / 1065.00 ج.م)"
"بكرهتعقيم","1","1050.00","2024-01-14","2024-01-14","بكرة تعقيم 1*1050 (1 قيد / 1050.00 ج.م)"
"السعدنيyk","1","1025.00","2025-04-12","2025-04-12","السعدني/y2k (1 قيد / 1025.00 ج.م)"
"دعايافيس","1","1010.00","2025-05-18","2025-05-18","دعايا فيس (1 قيد / 1010.00 ج.م)"
"ابسنتالبنات","1","1000.00","2024-02-20","2024-02-20","ا/بسنت - البنات (1 قيد / 1000.00 ج.م)"
"ابويوسفعجلهعمر","1","1000.00","2026-01-20","2026-01-20","أبو يوسف/عجلة عمر (1 قيد / 1000.00 ج.م)"
"اشتراكالبرنامجشهرين","1","1000.00","2025-10-15","2025-10-15","اشتراك البرنامج شهرين (1 قيد / 1000.00 ج.م)"
"اشرافالجهاز","1","1000.00","2026-08-10","2026-08-10","اشراف الجهاز (1 قيد / 1000.00 ج.م)"
"اشرافالجهازramez","1","1000.00","2026-07-15","2026-07-15","اشراف الجهاز ramez (1 قيد / 1000.00 ج.م)"
"اضافيالجهاز","1","1000.00","2026-09-13","2026-09-13","إضافي الجهاز (1 قيد / 1000.00 ج.م)"
"البكر","1","1000.00","2025-02-01","2025-02-01","البكر50*20 (1 قيد / 1000.00 ج.م)"
"البناتالقرانسدادمنكفرالشيخشهر","1","1000.00","2025-11-04","2025-11-04","البنات / القران-سداد من كفر الشيخ شهر10 (1 قيد / 1000.00 ج.م)"
"السعدنيطريقي","1","1000.00","2025-02-01","2025-02-01","السعدني / طريقي (1 قيد / 1000.00 ج.م)"
"السعدنيعمر","1","1000.00","2024-12-31","2024-12-31","السعدني / عمر (1 قيد / 1000.00 ج.م)"
"السعدنييومالسبت","1","1000.00","2025-12-17","2025-12-17","السعدني يوم السبت (1 قيد / 1000.00 ج.م)"
"الشناوييستردوالسبت","1","1000.00","2025-10-27","2025-10-27","الشناوي يستردو السبت (1 قيد / 1000.00 ج.م)"
"اوكرهللشروق","1","1000.00","2025-12-04","2025-12-04","اوكره للشروق (1 قيد / 1000.00 ج.م)"
"بنزين","1","1000.00","2026-04-28","2026-04-28","بنزين (1 قيد / 1000.00 ج.م)"
"تحتحسابتليفونلخطوطالعياده","1","1000.00","2025-06-10","2025-06-10","تحت حساب تليفون لخطوط العيادة/ (1 قيد / 1000.00 ج.م)"
"تكملهالخطوبه","1","1000.00","2026-02-10","2026-02-10","تكملة الخطوبة (1 قيد / 1000.00 ج.م)"
"حسابايامهديرحتيشهريوممنشهر","1","1000.00","2025-01-15","2025-01-15","حساب 10 ايام هدير 100*9 حتي شهر 12 + يوم من شهر 1 (1 قيد / 1000.00 ج.م)"
"خطافيحسابدالسعدنيفرقحالهمياهبيضابطاقهصحيه","1","1000.00","2024-11-11","2024-11-11","خطأفي حساب د السعدني/فرق حالة مياه بيضا بطاقة صحية (1 قيد / 1000.00 ج.م)"
"ريهامتمالسداد","1","1000.00","2025-08-25","2025-08-25","ريهام تم السداد (1 قيد / 1000.00 ج.م)"
"سارهلاولالشهريخصممنالمرتبقديمسداديوم","1","1000.00","2025-08-16","2025-08-16","ساره لأول الشهر يخصم من المرتب + 200 قديم سداد 200 يوم 29-12 (1 قيد / 1000.00 ج.م)"
"سعدنياونلاين","1","1000.00","2024-09-30","2024-09-30","سعدني اونلاين (1 قيد / 1000.00 ج.م)"
"سيكلوفرين","1","1000.00","2025-05-22","2025-05-22","سيكلو فرين10 (1 قيد / 1000.00 ج.م)"
"شحنكهربا","1","1000.00","2025-08-04","2025-08-04","شحن كهربا (1 قيد / 1000.00 ج.م)"
"صيانهكفرالشيخدالسعدني","1","1000.00","2024-09-11","2024-09-11","صيانة كفرالشيخ-د السعدني (1 قيد / 1000.00 ج.م)"
"ضريبهعقاريهصيدليهسبربايسنهو","1","1000.00","2024-08-28","2024-08-28","ضريبه عقاريه صيدلية سبرباي سنة 23 و 24 (1 قيد / 1000.00 ج.م)"
"طهكاش","1","1000.00","2025-07-23","2025-07-23","طه /كاش (1 قيد / 1000.00 ج.م)"
"عصاميوم","1","1000.00","2026-02-05","2026-02-05","عصام يوم 10 (1 قيد / 1000.00 ج.م)"
"كاميراالشروق","1","1000.00","2025-10-11","2025-10-11","كاميرا الشروق (1 قيد / 1000.00 ج.م)"
"مصطفيالسعدنيالفيمتوانستاباي","1","1000.00","2025-06-30","2025-06-30","مصطفى السعدني الفيمتو /انستاباي (1 قيد / 1000.00 ج.م)"
"مواصلاتحالهالفيمتومركزدالسعدني","1","1000.00","2025-07-09","2025-07-09","مواصلات حالة الفيمتو 500 مركز/500 د السعدني (1 قيد / 1000.00 ج.م)"
"هديرليومتميوم","1","1000.00","2025-08-27","2025-08-27","هدير ليوم 10/تم يوم10 (1 قيد / 1000.00 ج.م)"
"هديرليومسدادسداديوم","1","1000.00","2025-09-04","2025-09-04","هدير ليوم 10-سداد9-10+سداد200 يوم10-12 (1 قيد / 1000.00 ج.م)"
"هشامالعلاجالحر","1","1000.00","2025-02-23","2025-02-23","هشام/العلاج الحر (1 قيد / 1000.00 ج.م)"
"وصلاتلاباوضهالاطباء","1","1000.00","2025-04-17","2025-04-17","وصلات لاب اوضة الاطباء (1 قيد / 1000.00 ج.م)"
"دالسعدنيلدمحمدعبدالرحيم","1","975.00","2025-12-08","2025-12-08","د السعدني ل د محمد عبدالرحيم (1 قيد / 975.00 ج.م)"
"كوباياتفايلاتشفافهمواصلات","1","950.00","2026-01-18","2026-01-18","كوبايات *350+فايلات شفافة4*130+80 مواصلات (1 قيد / 950.00 ج.م)"
"مصطفيالسعدنيالشروق","1","950.00","2025-05-19","2025-05-19","مصطفى السعدني /الشروق (1 قيد / 950.00 ج.م)"
"رفتركيبمفاتيحمساميرمواصلات","1","940.00","2026-03-28","2026-03-28","رف+تركيب+مفاتيح +مسامير+مواصلات (1 قيد / 940.00 ج.م)"
"قطراتاوركابريد","1","937.00","2024-02-03","2024-02-03","قطرات 50*18.74اوركابريد (1 قيد / 937.00 ج.م)"
"مناديلحماممناديلسحبكوبايات","1","930.00","2024-05-19","2024-05-19","مناديل حمام1*325+مناديل سحب1*285+كوبايات1*320 (1 قيد / 930.00 ج.م)"
"تحتحسابالعيادهباقيشهر","1","925.00","2024-04-08","2024-04-08","تحت حساب العيادة باقي شهر 3 (1 قيد / 925.00 ج.م)"
"كرتونتينمحاليل","1","920.00","2026-09-16","2026-09-16","كرتونتين محاليل (1 قيد / 920.00 ج.م)"
"دسعيدنسبهكشوفات","1","910.00","2025-09-04","2025-09-04","د سعيد نسبة 6 كشوفات 5*140+1*210 (1 قيد / 910.00 ج.م)"
"شاحنلابللشروقشاحناضافي","1","905.00","2026-06-24","2026-06-24","شاحن لاب للشروق+شاحن إضافي (1 قيد / 905.00 ج.م)"
"اضافيالفنيينهديرالجنيه","1","900.00","2024-01-01","2024-01-01","اضافي الفنيين+هدير ال300 جنيه*2 (1 قيد / 900.00 ج.م)"
"باقيفحصتحويلمحفظه","1","900.00","2025-07-05","2025-07-05","باقي فحص تحويل محفظه (1 قيد / 900.00 ج.م)"
"تحتحسابكوباياتمياه","1","900.00","2026-07-20","2026-07-20","تحت حساب كوبايات مياه (1 قيد / 900.00 ج.م)"
"دسغيدتحتحسابالنسبه","1","900.00","2025-11-18","2025-11-18","د سغيد تحت حساب النسبه (1 قيد / 900.00 ج.م)"
"صرفايامهدير","1","900.00","2024-05-22","2024-05-22","صرف 9 ايام هدير (1 قيد / 900.00 ج.م)"
"نسبهدسعيدشهركشوفاتمتابعه","1","900.00","2025-11-02","2025-11-02","نسبة د سعيد شهر10( 6 كشوفات +متابعة) (1 قيد / 900.00 ج.م)"
"هاردمواصلات","1","900.00","2026-07-08","2026-07-08","هارد+مواصلات (1 قيد / 900.00 ج.م)"
"عصايرمارتن","1","880.00","2024-03-19","2024-03-19","عصاير مارتن (1 قيد / 880.00 ج.م)"
"ورقباكو","1","875.00","2024-09-19","2024-09-19","ورق5 باكو*175 (1 قيد / 875.00 ج.م)"
"تليفونبدونفاتورهمحل","1","850.00","2024-02-14","2024-02-14","تليفون بدون فاتورة محل (1 قيد / 850.00 ج.م)"
"حبرطابعهاسودواحمربنتاكام","1","850.00","2024-12-21","2024-12-21","حبر طابعه / اسود و احمر بنتاكام (1 قيد / 850.00 ج.م)"
"دالسعدنيمروه","1","850.00","2025-01-05","2025-01-05","د السعدني مروة (1 قيد / 850.00 ج.م)"
"دالياتمالسداد","1","850.00","2025-10-11","2025-10-11","داليا تم السداد (1 قيد / 850.00 ج.م)"
"رواترللمركز","1","850.00","2025-07-09","2025-07-09","رواتر للمركز (1 قيد / 850.00 ج.م)"
"عددقطرهتايمر","1","850.00","2024-11-24","2024-11-24","عدد23 قطرة تايمر (1 قيد / 850.00 ج.م)"
"لمباتللمركز","1","840.00","2026-09-02","2026-09-02","لمبات للمركز (1 قيد / 840.00 ج.م)"
"منظفاتللشروق","1","833.00","2026-06-22","2026-06-22","منظفات للشروق (1 قيد / 833.00 ج.م)"
"قماشاوفرشوزانتقالات","1","825.00","2025-01-27","2025-01-27","قماش+اوفر شوز+انتقالات (1 قيد / 825.00 ج.م)"
"ابويوسفبنزينوالدكتوره","1","800.00","2025-02-25","2025-02-25","ابو يوسف / بنزين و الدكتوره (1 قيد / 800.00 ج.م)"
"بطاريهيوبياس","1","800.00","2024-04-24","2024-04-24","بطارية يو بي اس (1 قيد / 800.00 ج.م)"
"بنزينالسعدني","1","800.00","2026-01-03","2026-01-03","بنزين السعدني (1 قيد / 800.00 ج.م)"
"تحتحسابحفلهالخطوبه","1","800.00","2026-02-08","2026-02-08","تحت حساب حفلة الخطوبة (1 قيد / 800.00 ج.م)"
"تعديلكهرباالصيدليه","1","800.00","2024-07-27","2024-07-27","تعديل كهربا الصيدليه (1 قيد / 800.00 ج.م)"
"عددقطرهبينوكس","1","800.00","2024-10-03","2024-10-03","عدد 32 قطرة بينوكس (1 قيد / 800.00 ج.م)"
"فلوروتاتشالشحن","1","800.00","2025-05-12","2025-05-12","فلورو تاتش2*350+الشحن (1 قيد / 800.00 ج.م)"
"مناديلسخبوبكر","1","800.00","2025-11-04","2025-11-04","مناديل سخب و بكر (1 قيد / 800.00 ج.م)"
"نميرشهرعمليات","1","800.00","2024-02-14","2024-02-14","نمير شهر1 -8 عمليات (1 قيد / 800.00 ج.م)"
"كاتل","1","775.00","2024-12-07","2024-12-07","كاتل (1 قيد / 775.00 ج.م)"
"اضافيصافيساعه","1","758.00","2024-02-10","2024-02-10","اضافي صافي 85 ساعة (1 قيد / 758.00 ج.م)"
"اضافيشهر","1","754.00","2025-10-15","2025-10-15","إضافي  شهر 9 (1 قيد / 754.00 ج.م)"
"ابويوسفبوابهالجراج","1","750.00","2026-02-04","2026-02-04","ابويوسف-بوابة الجراج (1 قيد / 750.00 ج.م)"
"اشتراكسنويموقعدليليميديكال","1","750.00","2025-08-04","2025-08-04","اشتراك سنوي موقع دليلي ميديكال (1 قيد / 750.00 ج.م)"
"الكشاف","1","750.00","2025-03-11","2025-03-11","الكشاف (1 قيد / 750.00 ج.م)"
"انستاتجديداشتراكصفحهالضرايب","1","750.00","2026-04-23","2026-04-23","انستا/تجديد اشتراك صفحة الضرايب (1 قيد / 750.00 ج.م)"
"اوفرشوزبالطوللعامله","1","750.00","2024-09-10","2024-09-10","اوفر شوز50*10+بالطو للعاملة*250 (1 قيد / 750.00 ج.م)"
"تجديداشتراكالبوابهالاليكترونيهعنطريقالمكتب","1","750.00","2025-04-22","2025-04-22","تجديد اشتراك البوابة الاليكترونية عن طريق المكتب (1 قيد / 750.00 ج.م)"
"صيانهالطابعهفيالشروقتغييرجزءخروجالورق","1","750.00","2024-11-18","2024-11-18","صيانة الطابعة في الشروق(تغييرجزء خروج الورق) (1 قيد / 750.00 ج.م)"
"فانوسوسلك","1","750.00","2026-02-12","2026-02-12","فانوس وسلك (1 قيد / 750.00 ج.م)"
"كتبدالسعدني","1","750.00","2025-08-23","2025-08-23","كتب د السعدني (1 قيد / 750.00 ج.م)"
"مناديلمواصلات","1","750.00","2024-09-12","2024-09-12","مناديل+مواصلات (1 قيد / 750.00 ج.م)"
"نتالشروقوو","1","750.00","2025-08-03","2025-08-03","نت الشروق 6 و 7 و 8 (250*3) (1 قيد / 750.00 ج.م)"
"اضافيشهرمركز","1","742.00","2026-09-13","2026-09-13","إضافي شهر 8 مركز (1 قيد / 742.00 ج.م)"
"كفرالشيخdvrمواصلات","1","730.00","2025-10-13","2025-10-13","كفر الشيخ dvr+مواصلات (1 قيد / 730.00 ج.م)"
"الشروقاشعه","1","720.00","2026-03-04","2026-03-04","الشروق اشعة (1 قيد / 720.00 ج.م)"
"اشتراكبرنامجالعيادهشهر","1","700.00","2025-08-23","2025-08-23","اشتراك برنامج العياده شهر 8 (1 قيد / 700.00 ج.م)"
"بينوكسسيكلوفرين","1","700.00","2024-12-25","2024-12-25","بينوكس20*25+2 سيكلو فرين (1 قيد / 700.00 ج.م)"
"علبجوانتيات","1","700.00","2024-02-01","2024-02-01","7 علب جوانتيات (1 قيد / 700.00 ج.م)"
"مرتبدكريملميحتسبفيبدايهالشهر","1","660.00","2026-04-09","2026-04-09","مرتب د كريم لميحتسب في بداية الشهر (1 قيد / 660.00 ج.م)"
"طردمالسعدني","1","655.00","2024-09-03","2024-09-03","طرد م السعدني (1 قيد / 655.00 ج.م)"
"ابويوسفالعربيه","1","650.00","2025-06-21","2025-06-21","ابو يوسف/العربيه (1 قيد / 650.00 ج.م)"
"اصلاحكرسيالبنتاكام","1","650.00","2024-12-07","2024-12-07","اصلاح كرسي البنتا كام (1 قيد / 650.00 ج.م)"
"كاتيلالشروق","1","650.00","2024-07-28","2024-07-28","كاتيل الشروق (1 قيد / 650.00 ج.م)"
"اشعهتعاقدسكر","1","640.00","2024-12-17","2024-12-17","اشعه تعاقد 2/ سكر (1 قيد / 640.00 ج.م)"
"كجول","1","640.00","2025-05-24","2025-05-24","كجول16*40 (1 قيد / 640.00 ج.م)"
"اوفتابانتينعلبه","1","635.00","2024-04-07","2024-04-07","اوفتابانتين21 علبة (1 قيد / 635.00 ج.م)"
"صافيمنحسابالاضافي","1","625.00","2024-04-15","2024-04-15","صافي من حساب الاضافي (1 قيد / 625.00 ج.م)"
"محاليلكرتونهتوصيل","1","625.00","2026-03-24","2026-03-24","محاليل 2 كرتونة+توصيل (1 قيد / 625.00 ج.م)"
"دالسعدنيفودافون","1","620.00","2025-03-05","2025-03-05","د السعدني فودافون (1 قيد / 620.00 ج.م)"
"عددعلبشاشمعقممغلفمواصلات","1","620.00","2024-06-02","2024-06-02","عدد4 علب شاش معقم مغلف*145+40 مواصلات (1 قيد / 620.00 ج.م)"
"محاليلكرتونه","1","620.00","2025-12-29","2025-12-29","محاليل 2 كرتونة (1 قيد / 620.00 ج.م)"
"نسبهدسعيدكشوفاتكشف","1","620.00","2025-06-01","2025-06-01","نسبة د سعيد 4 كشوفات*140+كشف *60 (1 قيد / 620.00 ج.م)"
"اضافيدعمرحتييصلالنسبهوالشفت","1","614.00","2024-07-01","2024-07-01","اضافي د عمر حتى يصل النسبة والشفت 250 (1 قيد / 614.00 ج.م)"
"ادواتنافه","1","610.00","2025-07-22","2025-07-22","ادوات نافة (1 قيد / 610.00 ج.م)"
"فودافونواورانجدالسعدني","1","610.00","2025-02-04","2025-02-04","فودافون واورانج+دالسعدني (1 قيد / 610.00 ج.م)"
"ابويوسفدالسعدنيدره","1","600.00","2025-10-11","2025-10-11","أبو يوسف / د السعدني دره (1 قيد / 600.00 ج.م)"
"ابويوسفسكرتاريهالجامعه","1","600.00","2024-12-17","2024-12-17","ابو يوسف / سكرتارية الجامعه (1 قيد / 600.00 ج.م)"
"ابويوسفشنطدالسعدني","1","600.00","2025-12-17","2025-12-17","ابو يوسف/شنط د السعدني (1 قيد / 600.00 ج.م)"
"ابويوسفطلباتللبيت","1","600.00","2024-12-11","2024-12-11","ابو يوسف طلبات للبيت (1 قيد / 600.00 ج.م)"
"اضافيالفنيين","1","600.00","2024-03-04","2024-03-04","اضافي الفنيين (1 قيد / 600.00 ج.م)"
"ستارهللبابمشمع","1","600.00","2024-08-06","2024-08-06","ستارة للباب مشمع (1 قيد / 600.00 ج.م)"
"صافيتمسدادمتبقي","1","600.00","2025-07-05","2025-07-05","صافي تم سداد 500 متبقي 100 (1 قيد / 600.00 ج.م)"
"صافيليومتمالسدادمنالنسبه","1","600.00","2025-11-07","2025-11-07","صافي ليوم 10-تم السداد من النسبة (1 قيد / 600.00 ج.م)"
"طابعهدسعيد","1","600.00","2025-07-26","2025-07-26","طابعة د سعيد (1 قيد / 600.00 ج.م)"
"طرابيزات","1","600.00","2024-03-19","2024-03-19","طرابيزات (1 قيد / 600.00 ج.م)"
"عددباكتورق","1","600.00","2025-07-23","2025-07-23","عدد 5 باكت ورق *120 (1 قيد / 600.00 ج.م)"
"قطراتبينوكسيديايونيسيكلومايد","1","600.00","2025-04-29","2025-04-29","قطرات30بينوكسيديا+30يونيسيكلومايد (1 قيد / 600.00 ج.م)"
"نسبهدسعيدكشوفات","1","600.00","2026-04-30","2026-04-30","نسبة د سعيد 4 كشوفات (1 قيد / 600.00 ج.م)"
"نسبهنورا","1","590.00","2025-07-12","2025-07-12","نسبة نورا (1 قيد / 590.00 ج.م)"
"سويتش","1","565.00","2026-06-27","2026-06-27","سويتش (1 قيد / 565.00 ج.م)"
"تجديدكارنيهاتهشام","1","550.00","2026-06-07","2026-06-07","تجديد كارنيهات هشام (1 قيد / 550.00 ج.م)"
"تصليحكرسيالعيادهنغييرنجمه","1","550.00","2025-05-06","2025-05-06","تصليح كرسي العيادة(نغيير نجمة) (1 قيد / 550.00 ج.م)"
"صيانهالتكيف","1","550.00","2024-06-24","2024-06-24","صيانة التكيف (1 قيد / 550.00 ج.م)"
"صيانهكرسيدالسعدني","1","550.00","2024-04-30","2024-04-30","صيانة كرسي د السعدني (1 قيد / 550.00 ج.م)"
"كهرباباقيمالتاميناتالعموله","1","550.00","2025-11-18","2025-11-18","كهربا330+باقي م.التامينات+العمولة (1 قيد / 550.00 ج.م)"
"مشترياتدنجوي","1","550.00","2025-06-29","2025-06-29","مشتريات د نجوى (1 قيد / 550.00 ج.م)"
"موتورريشهللمروحه","1","550.00","2025-04-26","2025-04-26","موتور-ريشة للمروحة (1 قيد / 550.00 ج.م)"
"نجمهبطقمعجل","1","550.00","2025-07-16","2025-07-16","نجمة بطقم عجل (1 قيد / 550.00 ج.م)"
"نضاراتالبنات","1","550.00","2026-01-06","2026-01-06","نضارات / البنات (1 قيد / 550.00 ج.م)"
"اضافيمحمودواسلامشهر","1","545.00","2025-08-14","2025-08-14","إضافي محمود وإسلام شهر 7 (1 قيد / 545.00 ج.م)"
"ازالهاليافطه","1","535.00","2024-10-06","2024-10-06","ازالة اليافطة (1 قيد / 535.00 ج.م)"
"ارضيبطرسمنحتي","1","520.00","2026-04-18","2026-04-18","ارضي بطرس من 9 حتي 4 (1 قيد / 520.00 ج.م)"
"السعدنيكبسولات","1","520.00","2024-09-28","2024-09-28","السعدني كبسولات (1 قيد / 520.00 ج.م)"
"اوفتابانتين","1","520.00","2026-01-20","2026-01-20","اوفتابانتين *13 (1 قيد / 520.00 ج.م)"
"ورقباكوجرام","1","520.00","2024-01-03","2024-01-03","ورق 4 باكو*130 70 جرام (1 قيد / 520.00 ج.م)"
"ابنسينابالطوهات","1","515.00","2026-07-06","2026-07-06","ابن سينا+بالطوهات (1 قيد / 515.00 ج.م)"
"بالطوهاتابنسيناتاريخ","1","515.00","2026-08-15","2026-08-15","بالطوهات+ ابن سينا تاريخ 20/8 (1 قيد / 515.00 ج.م)"
"بالطوهاتابنسينامواصلات","1","515.00","2025-10-02","2025-10-02","بالطوهات+ابن سينا مواصلات  240 (1 قيد / 515.00 ج.م)"
"بالطوهاتمواصلاتمستحقه","1","515.00","2026-09-16","2026-09-16","بالطوهات +مواصلات مستحقة24-9 (1 قيد / 515.00 ج.م)"
"كوبياتمواصلات","1","510.00","2026-05-12","2026-05-12","كوبيات+مواصلات (1 قيد / 510.00 ج.م)"
"مواصلاتاسبوعينبلاطي","1","510.00","2025-08-20","2025-08-20","مواصلات  أسبوعين 240/ بلاطي 275 (1 قيد / 510.00 ج.م)"
"اقلامودفاتربالطوهاتانتقالاتابنسينا","1","505.00","2025-06-14","2025-06-14","اقلام ودفاتر+بالطوهات+انتقالات ابن سينا (1 قيد / 505.00 ج.م)"
"ابويوسفستاتطلباتدالسعدني","1","500.00","2024-11-18","2024-11-18","ابو يوسف ستات+طلبات د السعدني (1 قيد / 500.00 ج.م)"
"ابويوسفطلباتالبيت","1","500.00","2026-06-28","2026-06-28","ابويوسف-طلبات البيت (1 قيد / 500.00 ج.م)"
"الجمعيه","1","500.00","2024-01-03","2024-01-03","الجمعية (1 قيد / 500.00 ج.م)"
"الجمعيهمحمدسلطتن","1","500.00","2025-03-02","2025-03-02","الجمعية-محمد سلطتن (1 قيد / 500.00 ج.م)"
"السعدنيكهربا","1","500.00","2025-10-27","2025-10-27","السعدني/كهربا (1 قيد / 500.00 ج.م)"
"السعدنيلابعمر","1","500.00","2024-06-03","2024-06-03","السعدني / لاب عمر (1 قيد / 500.00 ج.م)"
"السعدنينظارات","1","500.00","2025-02-25","2025-02-25","السعدني / نظارات (1 قيد / 500.00 ج.م)"
"القاهرهتصليحالموتور","1","500.00","2026-07-09","2026-07-09","القاهرة تصليح الموتور (1 قيد / 500.00 ج.م)"
"ايمان","1","500.00","2026-08-18","2026-08-18","ايمان (1 قيد / 500.00 ج.م)"
"ايمانطاهرلبكرهتمالسداد","1","500.00","2025-09-08","2025-09-08","ايمان طاهر لبكره / تم السداد (1 قيد / 500.00 ج.م)"
"باقيعمسعيدشهرو","1","500.00","2026-09-06","2026-09-06","باقي عم سعيد شهر 7و8 (1 قيد / 500.00 ج.م)"
"تحتحساببانداناتهدير","1","500.00","2025-06-24","2025-06-24","تحت حساب باندانات هدير(10*50) (1 قيد / 500.00 ج.م)"
"تصليحالشنطهابويوسف","1","500.00","2025-03-25","2025-03-25","تصليح الشنطة ابويوسف (1 قيد / 500.00 ج.م)"
"جمعيهالرضواندالسعدني","1","500.00","2026-03-03","2026-03-03","جمعية الرضوان د السعدني (1 قيد / 500.00 ج.م)"
"جمعيهامحمدسلطان","1","500.00","2026-05-05","2026-05-05","جمعية ا محمد سلطان (1 قيد / 500.00 ج.م)"
"جمعيهمحمدسلطان","1","500.00","2025-07-06","2025-07-06","جمعية محمد سلطان (1 قيد / 500.00 ج.م)"
"دالسعدنيبيتالسريعسدادمنكفرالشيخشهر","1","500.00","2025-11-06","2025-11-06","د السعدني / بيت السريع-سداد من كفر الشيخ شهر10 (1 قيد / 500.00 ج.م)"
"دالسعدنيدواتمالسدادك","1","500.00","2024-09-11","2024-09-11","د السعدني دوا/تم السداد ك (1 قيد / 500.00 ج.م)"
"شهاداتالبنات","1","500.00","2025-05-20","2025-05-20","شهادات البنات (1 قيد / 500.00 ج.م)"
"صافيلاولالشهريومباقي","1","500.00","2025-03-08","2025-03-08","صافي لاول الشهر-60يوم11-8 باقي (700) (1 قيد / 500.00 ج.م)"
"صافيليومتمسداد","1","500.00","2025-05-20","2025-05-20","صافي ليوم 104-تم سداد300 (1 قيد / 500.00 ج.م)"
"عصامسلفهالاجماليباقيالسلفهمكتوب","1","500.00","2025-11-16","2025-11-16","عصام-سلفة الإجمالي 2000 باقي السلفة مكتوب 1-6-25 (1 قيد / 500.00 ج.م)"
"لمبهمفاتيح","1","500.00","2025-03-15","2025-03-15","لمبة+مفاتيح (1 قيد / 500.00 ج.م)"
"محمودشلشصيانهكرسياليونت","1","500.00","2025-10-07","2025-10-07","محمود شلش صيانة كرسي اليونت (1 قيد / 500.00 ج.م)"
"مفاطمه","1","500.00","2026-01-29","2026-01-29","م/فاطمة (1 قيد / 500.00 ج.م)"
"منالخزنهالسعدني","1","500.00","2025-12-10","2025-12-10","من الخزنه السعدني (1 قيد / 500.00 ج.م)"
"هديرحتييومتمالسداد","1","500.00","2024-07-01","2024-07-01","هدير حتى يوم 10/تم السداد (1 قيد / 500.00 ج.م)"
"عدستينالكونشهريه","1","485.00","2025-08-24","2025-08-24","عدستين الكون شهرية (1 قيد / 485.00 ج.م)"
"كحولازازه","1","480.00","2025-09-25","2025-09-25","كحول 12 ازازه (1 قيد / 480.00 ج.م)"
"صيانهالطابعه","1","475.00","2026-07-02","2026-07-02","صيانة الطابعة (1 قيد / 475.00 ج.م)"
"السعدنيانستا","1","460.00","2025-07-21","2025-07-21","السعدني / انستا (1 قيد / 460.00 ج.م)"
"زيادهمنالشروقانستا","1","460.00","2025-09-17","2025-09-17","زيادة من الشروق/انستا (1 قيد / 460.00 ج.م)"
"ناقصالسفتالتاني","1","460.00","2026-01-28","2026-01-28","ناقص السفت التاني (1 قيد / 460.00 ج.م)"
"ابويوسفلبنبنزين","1","450.00","2024-07-24","2024-07-24","ابو يوسف (لبن+بنزين) (1 قيد / 450.00 ج.م)"
"اتصالاتكاشالسعدني","1","450.00","2025-08-17","2025-08-17","اتصالات كاش السعدني (1 قيد / 450.00 ج.م)"
"باقيالقماش","1","450.00","2024-09-22","2024-09-22","باقي القماش (1 قيد / 450.00 ج.م)"
"بينوكس","1","450.00","2025-08-17","2025-08-17","بينوكس 15*30 (1 قيد / 450.00 ج.م)"
"جبنللدكتوره","1","450.00","2026-05-20","2026-05-20","جبن للدكتورة (1 قيد / 450.00 ج.م)"
"رولطباعهمسعاد","1","450.00","2025-05-10","2025-05-10","رول طباعة م سعاد (1 قيد / 450.00 ج.م)"
"صيانهطابعهمسعاد","1","450.00","2024-09-08","2024-09-08","صيانة طابعة م سعاد (1 قيد / 450.00 ج.م)"
"عمولهدفعالتامينات","1","450.00","2025-01-05","2025-01-05","عمولة دفع التأمينات (1 قيد / 450.00 ج.م)"
"كيبوردوكابلاتللابدالسعدني","1","450.00","2025-05-06","2025-05-06","كيبورد وكابلات للاب د السعدني (1 قيد / 450.00 ج.م)"
"مرتجعكشفانفيسهتحويلكاشمروه","1","450.00","2024-12-26","2024-12-26","مرتجع كشف ا/نفيسة/تحويل كاش مروة (1 قيد / 450.00 ج.م)"
"مرتجعكشفدالسعدنيمحمدسيد","1","450.00","2025-01-28","2025-01-28","مرتجع كشف دالسعدني محمد سيد (1 قيد / 450.00 ج.م)"
"مرتجكشفمنانستابايمصطفيالسعدني","1","450.00","2025-10-01","2025-10-01","مرتج كشف من انستا باي مصطفى السعدني (1 قيد / 450.00 ج.م)"
"منظفاتخصمجنيه","1","450.00","2025-05-05","2025-05-05","منظفات/خصم6 جنيه (1 قيد / 450.00 ج.م)"
"صرففرقالزيادهالسنويهمحمودالفني","1","448.00","2025-03-29","2025-03-29","صرف فرق الزيادة السنوية محمود الفني (1 قيد / 448.00 ج.م)"
"اكياسللعملياتومنظفات","1","430.00","2026-01-14","2026-01-14","أكياس للعمليات ومنظفات (1 قيد / 430.00 ج.م)"
"بالطوهاتمواصلاتبنسيناالعلاجالحر","1","420.00","2026-04-19","2026-04-19","بالطوهات+مواصلات بن سينا+العلاج الحر (1 قيد / 420.00 ج.م)"
"دسعيدكشوفاتشهرابريلطنطا","1","420.00","2025-05-04","2025-05-04","د سعيد 3 كشوفات شهر ابريل طنطا (1 قيد / 420.00 ج.م)"
"عددبينوكس","1","420.00","2024-03-23","2024-03-23","عدد21*20 بينوكس (1 قيد / 420.00 ج.م)"
"كحول","1","420.00","2024-02-03","2024-02-03","كحول 12*35 (1 قيد / 420.00 ج.م)"
"نسبهكشفدسعيدكشوفات","1","420.00","2025-03-27","2025-03-27","نسبة كشف د سعيد3 كشوفات (1 قيد / 420.00 ج.م)"
"جادمقصين","1","400.00","2024-01-27","2024-01-27","جاد مقصين (1 قيد / 400.00 ج.م)"
"جردلمساحهشرشوبهعلبشاور","1","400.00","2026-08-31","2026-08-31","جردل+مساحة+شرشوبة+علب شاور (1 قيد / 400.00 ج.م)"
"دسعيدنسبهكشوفاتخصم","1","400.00","2025-07-31","2025-07-31","د سعيد نسبة 4 كشوفات2*140+2*60(خصم) (1 قيد / 400.00 ج.م)"
"عاملهنظافهالشروقيومين","1","400.00","2026-08-26","2026-08-26","عاملة نظافة الشروق يومين (1 قيد / 400.00 ج.م)"
"عدددراعقماشلجهازالليزر","1","400.00","2024-03-10","2024-03-10","عدد20 دراع قماش لجهاز الليزر (1 قيد / 400.00 ج.م)"
"فرقسعرمشرطالصواف","1","400.00","2025-09-02","2025-09-02","فرق سعر مشرط الصواف (1 قيد / 400.00 ج.م)"
"كوباياتبلاستكانتقالات","1","400.00","2024-07-11","2024-07-11","كوبايات بلاستك1*360+انتقالات (1 قيد / 400.00 ج.م)"
"مرتجعلحاله","1","400.00","2026-08-26","2026-08-26","مرتجع لحالة (1 قيد / 400.00 ج.م)"
"مصطفيطهتمالسداد","1","400.00","2025-06-04","2025-06-04","مصطفى طه/تم السداد10-6 (1 قيد / 400.00 ج.م)"
"منالصندوق","1","400.00","2025-10-20","2025-10-20","من الصندوق (1 قيد / 400.00 ج.م)"
"ارضيالشروقمنحتي","1","390.00","2026-04-18","2026-04-18","ارضي الشروق من 11 حتي 4 (1 قيد / 390.00 ج.م)"
"وفودافوندالسعدني","1","385.00","2024-06-05","2024-06-05","وفودافون+د السعدني (1 قيد / 385.00 ج.م)"
"باقيالمناديلوالمستلزماتمواصلات","1","380.00","2026-02-23","2026-02-23","باقي المناديل والمستلزمات+120 مواصلات (1 قيد / 380.00 ج.م)"
"قطراتتوسيعدمحمد","1","380.00","2024-09-01","2024-09-01","قطرات توسيع د محمد (1 قيد / 380.00 ج.م)"
"باورالكاميرا","1","375.00","2025-02-05","2025-02-05","باور الكاميرا (1 قيد / 375.00 ج.م)"
"ادبتورمواصلات","1","365.00","2025-05-18","2025-05-18","ادبتور+مواصلات (1 قيد / 365.00 ج.م)"
"عدداوبتيبريد","1","365.00","2024-01-24","2024-01-24","عدد 10اوبتي بريد*36.5 (1 قيد / 365.00 ج.م)"
"اشعهانستاباي","1","360.00","2025-07-19","2025-07-19","اشعة انستاباي (1 قيد / 360.00 ج.م)"
"حسابماوسوكيبوردحسنفايد","1","360.00","2025-12-29","2025-12-29","حساب ماوس وكيبورد حسن فايد (1 قيد / 360.00 ج.م)"
"الدكتورهبسطرمه","1","350.00","2026-05-17","2026-05-17","الدكتورة+بسطرمة (1 قيد / 350.00 ج.م)"
"باوربنك","1","350.00","2025-04-22","2025-04-22","باور بنك (1 قيد / 350.00 ج.م)"
"تحتحسابجزامه","1","350.00","2025-05-22","2025-05-22","تحت حساب جزامة (1 قيد / 350.00 ج.م)"
"دالياعجز","1","350.00","2026-08-12","2026-08-12","داليا عجز (1 قيد / 350.00 ج.م)"
"رسومالتاميناتعمولهسداد","1","350.00","2025-09-16","2025-09-16","رسوم التأمينات+عمولة سداد (1 قيد / 350.00 ج.م)"
"شاورمنظفات","1","350.00","2025-08-20","2025-08-20","شاور/منظفات (1 قيد / 350.00 ج.م)"
"صافيغدا","1","350.00","2025-04-05","2025-04-05","صافي غدا (1 قيد / 350.00 ج.م)"
"صافيليوم","1","350.00","2025-08-04","2025-08-04","صافي ليوم 10 (1 قيد / 350.00 ج.م)"
"صيانهباباوضهالبنات","1","350.00","2026-06-25","2026-06-25","صيانة باب اوضة البنات (1 قيد / 350.00 ج.م)"
"صيانهيونتعياده","1","350.00","2025-06-18","2025-06-18","صيانة يونت عيادة 2 (1 قيد / 350.00 ج.م)"
"عمولهتاميناتمشوار","1","350.00","2025-06-24","2025-06-24","عمولة تأمينات+مشوار (1 قيد / 350.00 ج.م)"
"لمبهبروجيكتورالشروق","1","350.00","2026-04-05","2026-04-05","لمبة بروجيكتور الشروق (1 قيد / 350.00 ج.م)"
"لمبهللبروجكتورعيادهالشروق","1","350.00","2025-02-16","2025-02-16","لمبة للبروجكتور عيادة الشروق (1 قيد / 350.00 ج.م)"
"انترنتش","1","340.00","2026-03-03","2026-03-03","انترنت ش (1 قيد / 340.00 ج.م)"
"ارضيبطرسوالشروقوو","1","330.00","2025-08-03","2025-08-03","ارضي بطرس و الشروق 5 و 6 و 7 (60*3)*2 (1 قيد / 330.00 ج.م)"
"عددقطرهسيكلوبلجيكا","1","330.00","2025-11-04","2025-11-04","عدد11 قطرة سيكلو بلجيكا*30 (1 قيد / 330.00 ج.م)"
"الشروقتعاقد","1","320.00","2024-04-22","2024-04-22","الشروق تعاقد (1 قيد / 320.00 ج.م)"
"حسابسنكانيولامواصلات","1","320.00","2026-01-04","2026-01-04","حساب سن كانيولا 2*140+40مواصلات (1 قيد / 320.00 ج.م)"
"كوباياتكرتونه","1","320.00","2024-01-02","2024-01-02","كوبايات كرتونة (1 قيد / 320.00 ج.م)"
"شحنكهرباء","1","310.00","2024-04-02","2024-04-02","شحن كهرباء (1 قيد / 310.00 ج.م)"
"فرقنسبهالكشفالعياده","1","310.00","2026-05-20","2026-05-20","فرق نسبة الكشف العياده (1 قيد / 310.00 ج.م)"
"ماوسوكيبورد","1","305.00","2024-10-15","2024-10-15","ماوس وكيبورد (1 قيد / 305.00 ج.م)"
"ابوعمرobd","1","300.00","2026-01-13","2026-01-13","أبو عمر/obd (1 قيد / 300.00 ج.م)"
"ابويوسفبلاستكاتللمركز","1","300.00","2025-03-15","2025-03-15","ابويوسف بلاستكات للمركز (1 قيد / 300.00 ج.م)"
"ابويوسفجبنه","1","300.00","2025-12-22","2025-12-22","ابو يوسف جبنه (1 قيد / 300.00 ج.م)"
"ابويوسفحجاره","1","300.00","2025-11-16","2025-11-16","ابو يوسف حجارة (1 قيد / 300.00 ج.م)"
"ابويوسفدهانالبرجولا","1","300.00","2025-04-30","2025-04-30","ابو يوسف دهان البرجولا (1 قيد / 300.00 ج.م)"
"اضافيهدير","1","300.00","2024-02-03","2024-02-03","اضافي هدير (1 قيد / 300.00 ج.م)"
"اممحمودسداديوم","1","300.00","2025-10-29","2025-10-29","ام محمود-سداد300 يوم14-12 (1 قيد / 300.00 ج.م)"
"ايمانطاهرغدا","1","300.00","2026-01-27","2026-01-27","ايمان طاهر غدا (1 قيد / 300.00 ج.م)"
"ايمانياسريستردوغدا","1","300.00","2025-10-28","2025-10-28","ايمان ياسر يستردو غدا (1 قيد / 300.00 ج.م)"
"بطاريه","1","300.00","2025-09-10","2025-09-10","بطارية (1 قيد / 300.00 ج.م)"
"تحتحسابالافطارلطاهر","1","300.00","2026-03-01","2026-03-01","تحت حساب الافطار لطاهر (1 قيد / 300.00 ج.م)"
"حسابحالاتفيمتوحالتينسابقين","1","300.00","2026-04-06","2026-04-06","حساب 3 حالات فيمتو -حالتين سابقين (1 قيد / 300.00 ج.م)"
"حسابمقابضالعيادهابويوسف","1","300.00","2025-02-09","2025-02-09","حساب مقابض العيادة ابو يوسف (1 قيد / 300.00 ج.م)"
"دالسعدنياوردر","1","300.00","2025-08-16","2025-08-16","د السعدني اوردر (1 قيد / 300.00 ج.م)"
"كرتونهكوبيات","1","300.00","2024-09-18","2024-09-18","كرتونة كوبيات (1 قيد / 300.00 ج.م)"
"كروكساتللتمريض","1","300.00","2024-01-20","2024-01-20","كروكسات للتمريض (1 قيد / 300.00 ج.م)"
"مشوارجهازالفاكوالقاهره","1","300.00","2026-06-27","2026-06-27","مشوار جهاز الفاكو-القاهرة (1 قيد / 300.00 ج.م)"
"مصطفيالسعدنيبساطه","1","300.00","2024-09-09","2024-09-09","مصطفى السعدني بساطه (1 قيد / 300.00 ج.م)"
"مكنهحمامالبنات","1","300.00","2026-08-23","2026-08-23","مكنة حمام البنات (1 قيد / 300.00 ج.م)"
"نضارهحريميتبعمصطفيالسعدني","1","300.00","2025-04-24","2025-04-24","نضارة حريمي تبع مصطفى السعدني (1 قيد / 300.00 ج.م)"
"سوبرماركت","1","295.00","2025-08-27","2025-08-27","سوبرماركت (1 قيد / 295.00 ج.م)"
"مصطفيالسعدنيطرد","1","290.00","2024-06-02","2024-06-02","مصطفى السعدني طرد (1 قيد / 290.00 ج.م)"
"مشمعللعمليات","1","280.00","2024-09-29","2024-09-29","مشمع للعمليات (1 قيد / 280.00 ج.م)"
"بلاطي","1","275.00","2025-06-26","2025-06-26","بلاطي (1 قيد / 275.00 ج.م)"
"طنطاشايصيانهفلتر","1","275.00","2024-07-04","2024-07-04","طنطا - (65 شاي+210 صيانة فلتر) (1 قيد / 275.00 ج.م)"
"مرضاسداديوم","1","275.00","2025-10-06","2025-10-06","م.رضا-سداد125يوم1-11 (1 قيد / 275.00 ج.م)"
"اسدالللبناتفيالشروق","1","270.00","2024-01-01","2024-01-01","اسدال للبنات في الشروق (1 قيد / 270.00 ج.م)"
"لمباتكهرباء","1","265.00","2025-10-30","2025-10-30","لمبات كهرباء (1 قيد / 265.00 ج.م)"
"اضافيدسماحتييصلمرتبالشفت","1","260.00","2024-01-13","2024-01-13","اضافي د سما حتي يصل مرتب الشفت 250 (1 قيد / 260.00 ج.م)"
"اطباقوشوكوكوباياتللفطار","1","260.00","2024-03-17","2024-03-17","اطباق وشوك وكوبايات للفطار (1 قيد / 260.00 ج.م)"
"اوفرشوزمواصلات","1","260.00","2024-07-02","2024-07-02","اوفر شوز*4+مواصلات (1 قيد / 260.00 ج.م)"
"باقيشراءالطرحوالواصلات","1","260.00","2024-10-22","2024-10-22","باقي شراءالطرح والواصلات (1 قيد / 260.00 ج.م)"
"مواصلاتابنسيناحتيحالهفيمتو","1","260.00","2025-05-04","2025-05-04","مواصلات ابن سينا حتى 08/05+حالة فيمتو (1 قيد / 260.00 ج.م)"
"ابويوسفالدكتورهمفحمهوعيش","1","250.00","2025-01-22","2025-01-22","ابو يوسف الدكتوره-مفحمة وعيش (1 قيد / 250.00 ج.م)"
"ابويوسفكشفعربيه","1","250.00","2025-07-22","2025-07-22","ابو يوسف /كشف عربية (1 قيد / 250.00 ج.م)"
"اضافيدعمرالشفتبالنسبه","1","250.00","2024-03-19","2024-03-19","اضافي د عمر الشفت بالنسبة 250 (1 قيد / 250.00 ج.م)"
"السعدنيقران","1","250.00","2025-01-11","2025-01-11","السعدني/قران (1 قيد / 250.00 ج.م)"
"السقالهتغييرالتكييف","1","250.00","2026-07-13","2026-07-13","-السقالة-تغيير التكييف (1 قيد / 250.00 ج.م)"
"الشناويتمالسداد","1","250.00","2025-05-18","2025-05-18","الشناوي/تم السداد (1 قيد / 250.00 ج.م)"
"الطابعهصيانه","1","250.00","2024-09-16","2024-09-16","الطابعة/صيانة (1 قيد / 250.00 ج.م)"
"صيانهكالونبابالمركزبطرس","1","250.00","2025-03-13","2025-03-13","صيانة كالون باب المركز بطرس (1 قيد / 250.00 ج.م)"
"صيانهكوالينالبابوالشباكبطرس","1","250.00","2025-12-20","2025-12-20","صيانة كوالين الباب والشباك بطرس (1 قيد / 250.00 ج.م)"
"عمولهدفعتامينات","1","250.00","2025-10-19","2025-10-19","عمولة دفع 20000 تأمينات (1 قيد / 250.00 ج.م)"
"كروكسين","1","250.00","2024-09-10","2024-09-10","كروكسين (1 قيد / 250.00 ج.م)"
"ماوسوايرلس","1","250.00","2025-06-21","2025-06-21","ماوس وايرلس (1 قيد / 250.00 ج.م)"
"مرضاسداد","1","250.00","2025-08-09","2025-08-09","م/رضا/سداد200-10-9 (1 قيد / 250.00 ج.م)"
"مكافاءهيافطهالمعرض","1","250.00","2024-11-30","2024-11-30","مكافاءة يافطة المعرض (1 قيد / 250.00 ج.م)"
"ابنسينا","1","240.00","2025-11-29","2025-11-29","ابن سينا (1 قيد / 240.00 ج.م)"
"تحليلميتوميسن","1","240.00","2026-08-24","2026-08-24","تحليل ميتوميسن (1 قيد / 240.00 ج.م)"
"قهوهشايكسكر","1","240.00","2025-03-19","2025-03-19","قهوة+2 شاي+ك سكر (1 قيد / 240.00 ج.م)"
"مشتركللاوتوريف","1","240.00","2025-07-27","2025-07-27","مشترك للاوتوريف (1 قيد / 240.00 ج.م)"
"مفاتيحللبابوغرفه","1","240.00","2026-09-08","2026-09-08","مفاتيح6 للباب وغرفة (1 قيد / 240.00 ج.م)"
"ميدرابيدعلب","1","240.00","2025-05-27","2025-05-27","ميدرابيد 5 علب (1 قيد / 240.00 ج.م)"
"ساقعاكراميهللزجاج","1","235.00","2026-08-16","2026-08-16","ساقع+اكرامية للزجاج (1 قيد / 235.00 ج.م)"
"شفتونصلهديرفنيشفتيومنصشفت","1","234.00","2025-03-25","2025-03-25","شفت ونص لهدير (فني) شفت يوم 24-3+نص شفت25-3 (1 قيد / 234.00 ج.م)"
"اضافيدالياشهر","1","231.00","2025-08-14","2025-08-14","إضافي داليا شهر 7 (1 قيد / 231.00 ج.م)"
"باقيعصير","1","230.00","2026-03-04","2026-03-04","باقي عصير (1 قيد / 230.00 ج.م)"
"كابلباورالشروق","1","230.00","2025-10-16","2025-10-16","كابل باور 2 الشروق (1 قيد / 230.00 ج.م)"
"كفرموبايلدالسعدني","1","225.00","2025-07-22","2025-07-22","كفر موبايل د السعدني (1 قيد / 225.00 ج.م)"
"لمبهللاستقبال","1","225.00","2025-08-19","2025-08-19","لمبة للاستقبال (1 قيد / 225.00 ج.م)"
"لمبهللعيادهالاولي","1","225.00","2024-04-21","2024-04-21","لمبة للعيادة الاولى (1 قيد / 225.00 ج.م)"
"تحتحسابتوكيلاتدالسعدني","1","220.00","2024-07-30","2024-07-30","تحت حساب توكيلات د السعدني (1 قيد / 220.00 ج.م)"
"سليكونللحوضدليفري","1","220.00","2025-11-12","2025-11-12","سليكون للحوض+دليفري (1 قيد / 220.00 ج.م)"
"طنطامكواه","1","220.00","2024-11-07","2024-11-07","طنطا/ مكواه (1 قيد / 220.00 ج.م)"
"كالوندرجالاستقبالالخزنه","1","220.00","2026-06-29","2026-06-29","كالون درج الاستقبال-الخزنة (1 قيد / 220.00 ج.م)"
"ماسكات","1","220.00","2025-09-30","2025-09-30","ماسكات (1 قيد / 220.00 ج.م)"
"ماوساوتوريف","1","220.00","2025-09-06","2025-09-06","ماوس اوتوريف (1 قيد / 220.00 ج.م)"
"منحسابمواصلاتابنسينا","1","215.00","2026-04-16","2026-04-16","من حساب مواصلات ابن سينا (1 قيد / 215.00 ج.م)"
"دعمرفرقالمرتب","1","210.00","2024-05-29","2024-05-29","د عمر(فرق المرتب 500-290) (1 قيد / 210.00 ج.م)"
"طنطانتالشروق","1","205.00","2024-11-02","2024-11-02","طنطا / نت الشروق (1 قيد / 205.00 ج.م)"
"مستلزماتللشروق","1","205.00","2025-02-04","2025-02-04","مستلزمات للشروق (1 قيد / 205.00 ج.م)"
"نتالشروقداليا","1","205.00","2024-01-27","2024-01-27","نت الشروق داليا (1 قيد / 205.00 ج.م)"
"ابويوسفالدكتورهتمك","1","200.00","2024-09-17","2024-09-17","ابو يوسف/الدكتوره/تم ك (1 قيد / 200.00 ج.م)"
"ابويوسفتمالسدادك","1","200.00","2024-09-14","2024-09-14","ابو يوسف/تم السداد ك (1 قيد / 200.00 ج.م)"
"ابويوسفشراءبسطرمه","1","200.00","2024-03-09","2024-03-09","ابو يوسف شراء بسطرمة (1 قيد / 200.00 ج.م)"
"ابويوسفغسيلالعربيه","1","200.00","2025-08-16","2025-08-16","أبو يوسف غسيل العربيه (1 قيد / 200.00 ج.م)"
"اكراميهالزجاج","1","200.00","2026-08-24","2026-08-24","اكراميةالزجاج (1 قيد / 200.00 ج.م)"
"السعدنيعماشرف","1","200.00","2025-07-26","2025-07-26","السعدني / عم اشرف (1 قيد / 200.00 ج.م)"
"الشناويسداد","1","200.00","2025-10-05","2025-10-05","الشناوي-سداد9-10 (1 قيد / 200.00 ج.م)"
"تحتحسابدرجالاستقيال","1","200.00","2025-06-26","2025-06-26","تحت حساب درج الاستقيال (1 قيد / 200.00 ج.م)"
"تحتحسابشايوسكر","1","200.00","2025-04-27","2025-04-27","تحت حساب شاي وسكر (1 قيد / 200.00 ج.م)"
"تحتحسابكوبياتالشروق","1","200.00","2026-06-22","2026-06-22","تحت حساب كوبيات الشروق (1 قيد / 200.00 ج.م)"
"تركيببانر","1","200.00","2026-09-05","2026-09-05","تركيب بانر (1 قيد / 200.00 ج.م)"
"جولد","1","200.00","2025-07-14","2025-07-14","جولد (1 قيد / 200.00 ج.م)"
"دالسعدنيابويوسفالارضتم","1","200.00","2024-10-12","2024-10-12","د السعدني ابو يوسف الارض تم (1 قيد / 200.00 ج.م)"
"دالسعدنيتمريضدارالقمه","1","200.00","2024-04-18","2024-04-18","دالسعدني تمريض دار القمة (1 قيد / 200.00 ج.م)"
"دبسمه","1","200.00","2026-01-29","2026-01-29","د بسمة (1 قيد / 200.00 ج.م)"
"دسعيدتم","1","200.00","2024-11-17","2024-11-17","دسعيد/تم1-12 (1 قيد / 200.00 ج.م)"
"سارهسداديوم","1","200.00","2025-08-04","2025-08-04","ساره -سداد يوم11-10 (1 قيد / 200.00 ج.م)"
"سارهليوم","1","200.00","2025-02-08","2025-02-08","ساره ليوم 10 (1 قيد / 200.00 ج.م)"
"شايعلبيومالفطار","1","200.00","2024-03-20","2024-03-20","شاي +علب يوم الفطار (1 قيد / 200.00 ج.م)"
"صافيسداد","1","200.00","2025-11-23","2025-11-23","صافي-سداد10-12 (1 قيد / 200.00 ج.م)"
"صافيسداديوم","1","200.00","2025-10-29","2025-10-29","صافي-سداد 100 يوم10-12 (1 قيد / 200.00 ج.م)"
"صافييوم","1","200.00","2026-02-05","2026-02-05","صافي يوم 10 (1 قيد / 200.00 ج.م)"
"صنايعيهالشروقنقلالنعقيموالتبكيت","1","200.00","2025-10-06","2025-10-06","صنايعية الشروق نقل النعقيم والتبكيت (1 قيد / 200.00 ج.م)"
"صيانهالسيرفر","1","200.00","2025-03-11","2025-03-11","صيانة السيرفر (1 قيد / 200.00 ج.م)"
"صيانهتكييفالعياداتالكباسمحروق","1","200.00","2026-06-29","2026-06-29","صيانة تكييف العيادات-الكباس محروق (1 قيد / 200.00 ج.م)"
"صيانهحماموكييفاتالشروق","1","200.00","2025-02-02","2025-02-02","صيانة حمام وكييفات الشروق (1 قيد / 200.00 ج.م)"
"صيانهكرسيالمكتب","1","200.00","2026-06-08","2026-06-08","صيانة كرسي المكتب (1 قيد / 200.00 ج.م)"
"صيانهمراوح","1","200.00","2024-04-24","2024-04-24","صيانة مراوح (1 قيد / 200.00 ج.م)"
"طرددسعيد","1","200.00","2025-06-17","2025-06-17","طرد د سعيد (1 قيد / 200.00 ج.م)"
"عاملهتنظيف","1","200.00","2026-08-18","2026-08-18","عاملة تنظيف (1 قيد / 200.00 ج.م)"
"عصامسلفه","1","200.00","2026-01-08","2026-01-08","عصام سلفة (1 قيد / 200.00 ج.م)"
"عيونالشروقكارت","1","200.00","2025-01-16","2025-01-16","عيون الشروق1000كارت (1 قيد / 200.00 ج.م)"
"قلبكالونبطرسالبابالتاني","1","200.00","2026-06-11","2026-06-11","قلب كالون بطرس الباب التاني (1 قيد / 200.00 ج.م)"
"كالون","1","200.00","2024-03-05","2024-03-05","كالون (1 قيد / 200.00 ج.م)"
"مرتجعكشفحمزهابراهيم","1","200.00","2026-03-15","2026-03-15","مرتجع كشف حمزة إبراهيم (1 قيد / 200.00 ج.م)"
"مرضاسلفهتم","1","200.00","2025-05-06","2025-05-06","م/رضا سلفة/تم (1 قيد / 200.00 ج.م)"
"مقدمكارتنضاره","1","200.00","2025-01-06","2025-01-06","مقدم 1000 كارت نضارة (1 قيد / 200.00 ج.م)"
"مياده","1","200.00","2024-01-14","2024-01-14","ميادة (1 قيد / 200.00 ج.م)"
"هديراضافيالفنيين","1","200.00","2025-03-12","2025-03-12","هدير اضافي الفنيين (1 قيد / 200.00 ج.م)"
"هديرخدتهممنالشروق","1","200.00","2026-09-09","2026-09-09","هدير خدتهم من الشروق (1 قيد / 200.00 ج.م)"
"سكروشايالشروق","1","195.00","2025-07-16","2025-07-16","سكر وشاي الشروق (1 قيد / 195.00 ج.م)"
"اظرف","1","190.00","2025-03-12","2025-03-12","اظرف (1 قيد / 190.00 ج.م)"
"قطرهاوفتابانتين","1","190.00","2025-05-12","2025-05-12","قطرة اوفتابانتين3/190 (1 قيد / 190.00 ج.م)"
"مرتجعقطراتيومالاحدرامي","1","190.00","2025-06-24","2025-06-24","مرتجع قطرات يوم الاحد22-7/رامي (1 قيد / 190.00 ج.م)"
"بريلومنظفاتالشروق","1","185.00","2026-02-10","2026-02-10","بريل ومنظفات الشروق (1 قيد / 185.00 ج.م)"
"شايومطرات","1","185.00","2024-04-14","2024-04-14","شاي ومطرات (1 قيد / 185.00 ج.م)"
"فرقنسبهكشفالعياده","1","185.00","2026-05-20","2026-05-20","فرق نسبة كشف العياده (1 قيد / 185.00 ج.م)"
"شايوسكرومنفاتالشروق","1","183.00","2024-05-20","2024-05-20","شاي وسكر ومنفات الشروق (1 قيد / 183.00 ج.م)"
"حسابيوماضافيايمانطاهر","1","180.00","2026-01-14","2026-01-14","حساب يوم إضافي ايمان طاهر (1 قيد / 180.00 ج.م)"
"سمفيران","1","180.00","2026-02-24","2026-02-24","سم فيران (1 قيد / 180.00 ج.م)"
"طقمالانكيه","1","180.00","2026-03-03","2026-03-03","طقم الانكيه (1 قيد / 180.00 ج.م)"
"مواصلاتابنسيناكوباياتبادهماوسمشترك","1","180.00","2025-06-17","2025-06-17","مواصلات  ابن سينا+كوبايات+بادة ماوس+مشترك (1 قيد / 180.00 ج.م)"
"تصليحالحمام","1","170.00","2025-12-16","2025-12-16","تصليح الحمام (1 قيد / 170.00 ج.م)"
"شحنانجكتوراسكندريه","1","170.00","2026-05-18","2026-05-18","شحن انجكتور اسكندرية (1 قيد / 170.00 ج.م)"
"مرتجعقطراتحبيبهابوالعز","1","170.00","2025-09-16","2025-09-16","مرتجع قطرات حبيبة أبو العز (1 قيد / 170.00 ج.م)"
"ربعشايوكسكر","1","166.00","2025-04-10","2025-04-10","ربع شاي و3 ك سكر (1 قيد / 166.00 ج.م)"
"شايوسكروشاياخضر","1","165.00","2024-08-22","2024-08-22","شاي وسكر وشاي اخضر (1 قيد / 165.00 ج.م)"
"حجاير","1","160.00","2024-07-17","2024-07-17","حجاير4*40 (1 قيد / 160.00 ج.م)"
"سكركشايالشروق","1","160.00","2025-04-07","2025-04-07","سكر 3ك+شاي/الشروق (1 قيد / 160.00 ج.م)"
"شفتالاتني","1","160.00","2025-10-06","2025-10-06","شفتالاتني6-10 (1 قيد / 160.00 ج.م)"
"شفتالشروق","1","160.00","2025-12-17","2025-12-17","شفت  الشروق (1 قيد / 160.00 ج.م)"
"فوطوكوبيات","1","160.00","2024-09-02","2024-09-02","فوط وكوبيات (1 قيد / 160.00 ج.م)"
"فيمتومواصلات","1","160.00","2026-04-29","2026-04-29","فيمتو+مواصلات (1 قيد / 160.00 ج.م)"
"مواصلاتابنسيناحتي","1","160.00","2025-04-20","2025-04-20","مواصلات ابن سينا حتى22-4 (1 قيد / 160.00 ج.م)"
"مواصلاتابنسينامرات","1","160.00","2025-07-08","2025-07-08","مواصلات ابن سينا 4 مرات (1 قيد / 160.00 ج.م)"
"مواصلاتمراتابنسيناعمرالفاطميه","1","160.00","2024-11-23","2024-11-23","مواصلات 3 مرات ابن سينا+عمر الفاطمية (1 قيد / 160.00 ج.م)"
"مواصلاتمرتينابنسينامرتينتصليحالشاشه","1","160.00","2025-03-05","2025-03-05","مواصلات  مرتين ابن سينا+مرتين تصليح الشاشة (1 قيد / 160.00 ج.م)"
"شفتفنيالاربعاء","1","156.00","2025-04-30","2025-04-30","شفت فني الاربعاء30-4 (1 قيد / 156.00 ج.م)"
"شفتفنيالثلاثاء","1","156.00","2025-06-10","2025-06-10","شفت فني الثلاثاء10-6 (1 قيد / 156.00 ج.م)"
"هديرشفتفني","1","156.00","2025-06-30","2025-06-30","هدير شفت فني30-6 (1 قيد / 156.00 ج.م)"
"سكرشايالشروق","1","155.00","2026-08-04","2026-08-04","سكر3+شاي الشروق (1 قيد / 155.00 ج.م)"
"شفتالاتنين","1","155.00","2025-08-18","2025-08-18","شفت  الاتنين18-8 (1 قيد / 155.00 ج.م)"
"شفتالفنيه","1","155.00","2026-01-19","2026-01-19","شفت الفني -ه (1 قيد / 155.00 ج.م)"
"شفتر","1","155.00","2025-12-22","2025-12-22","شفت ر (1 قيد / 155.00 ج.م)"
"شفتصافيفني","1","155.00","2025-12-15","2025-12-15","شفت صافي فني (1 قيد / 155.00 ج.م)"
"شفتصافيفنيالاتنين","1","155.00","2025-09-15","2025-09-15","شفت صافي فني الاتنين15-9 (1 قيد / 155.00 ج.م)"
"شفتعدموجودفنييومالاربعاء","1","155.00","2025-09-10","2025-09-10","شفت 10-9/عدم وجود فني يوم الأربعاء (1 قيد / 155.00 ج.م)"
"شفتفنيه","1","155.00","2026-02-09","2026-02-09","شفت فني /ه (1 قيد / 155.00 ج.م)"
"شفتفنييوملتنين","1","155.00","2025-06-23","2025-06-23","شفت فني يوم لتنين23-6 (1 قيد / 155.00 ج.م)"
"شفتهدير","1","155.00","2026-07-27","2026-07-27","شفت هدير (1 قيد / 155.00 ج.م)"
"هديرشفت","1","155.00","2025-07-29","2025-07-29","هدير شفت 28-7 (1 قيد / 155.00 ج.م)"
"ابنسيناودالصواف","1","150.00","2025-01-28","2025-01-28","ابن سينا ودالصواف (1 قيد / 150.00 ج.م)"
"ابويوسفدوادالسعدني","1","150.00","2025-07-23","2025-07-23","ابو يوسف/دوا د السعدني (1 قيد / 150.00 ج.م)"
"تركيبيافطهالسلم","1","150.00","2024-10-17","2024-10-17","تركيب يافطة السلم (1 قيد / 150.00 ج.م)"
"تروسيكل","1","150.00","2025-10-01","2025-10-01","تروسيكل (1 قيد / 150.00 ج.م)"
"حداد","1","150.00","2024-09-11","2024-09-11","حداد (1 قيد / 150.00 ج.م)"
"ريشهمروحهمصطفيالسعدني","1","150.00","2025-05-18","2025-05-18","ريشة مروحة مصطفى السعدني (1 قيد / 150.00 ج.م)"
"شايسكرشاياخضر","1","150.00","2024-10-27","2024-10-27","شاي/سكر/شاي اخضر (1 قيد / 150.00 ج.م)"
"شحنعدسات","1","150.00","2026-06-02","2026-06-02","شحن عدسات (1 قيد / 150.00 ج.م)"
"صيانهجهازالضغط","1","150.00","2025-04-12","2025-04-12","صيانةجهاز الضغط (1 قيد / 150.00 ج.م)"
"طهالتاميناتمواصلاتالصوافمرتين","1","150.00","2025-01-16","2025-01-16","طه التأمينات+مواصلات الصواف مرتين (1 قيد / 150.00 ج.م)"
"قهوه","1","150.00","2025-12-31","2025-12-31","قهوه (1 قيد / 150.00 ج.م)"
"كابلات","1","150.00","2026-01-08","2026-01-08","كابلات (1 قيد / 150.00 ج.م)"
"مرتجعكشف","1","150.00","2024-09-05","2024-09-05","مرتجع كشف (1 قيد / 150.00 ج.م)"
"مسندكرسيالعياده","1","150.00","2024-05-30","2024-05-30","مسند كرسي العيادة (1 قيد / 150.00 ج.م)"
"اضافيداليا","1","146.00","2025-09-10","2025-09-10","إضافي داليا (1 قيد / 146.00 ج.م)"
"شاياحمرواخضر","1","143.00","2024-12-15","2024-12-15","شاي احمر و اخضر (1 قيد / 143.00 ج.م)"
"باقيورقالطباعه","1","140.00","2026-06-24","2026-06-24","باقي ورق الطباعة (1 قيد / 140.00 ج.م)"
"تحتحسابكوباياتللشروق","1","140.00","2024-08-26","2024-08-26","تحت حساب كوبايات للشروق (1 قيد / 140.00 ج.م)"
"لمبهكيروكس","1","140.00","2026-06-01","2026-06-01","لمبة +كيروكس (1 قيد / 140.00 ج.م)"
"مجريللدرجاستقبالانتقالات","1","140.00","2024-08-22","2024-08-22","مجرى للدرج استقبال+انتقالات (1 قيد / 140.00 ج.م)"
"تصليحكاسيتالشروق","1","130.00","2026-07-28","2026-07-28","تصليح كاسيت الشروق (1 قيد / 130.00 ج.م)"
"شايكسكر","1","130.00","2025-07-02","2025-07-02","شاي+2ك سكر (1 قيد / 130.00 ج.م)"
"سباكه","1","125.00","2026-07-04","2026-07-04","سباكة (1 قيد / 125.00 ج.م)"
"شايوسكربطرس","1","125.00","2026-03-30","2026-03-30","شاي وسكر بطرس (1 قيد / 125.00 ج.م)"
"ماوس","1","125.00","2025-05-06","2025-05-06","ماوس (1 قيد / 125.00 ج.م)"
"استخراجسجلتجاري","1","120.00","2024-07-28","2024-07-28","استخراج سجل تجاري (1 قيد / 120.00 ج.م)"
"تقفيلمواصلاتابنسيناالادواتالمكتبيه","1","120.00","2025-03-12","2025-03-12","تقفيل مواصلات ابن سينا+ الادوات المكتبية (1 قيد / 120.00 ج.م)"
"شايوسكرومنظفات","1","120.00","2026-09-14","2026-09-14","شاي وسكر ومنظفات (1 قيد / 120.00 ج.م)"
"شايومياهوسكر","1","120.00","2024-01-13","2024-01-13","شاي ومياه وسكر (1 قيد / 120.00 ج.م)"
"شعاعتمدمجهامعاوفو","1","120.00","2024-05-27","2024-05-27","شعاع360 تم دمجها مع اوفو (1 قيد / 120.00 ج.م)"
"منظفاتكوريكتور","1","120.00","2024-11-11","2024-11-11","منظفات+كوريكتور (1 قيد / 120.00 ج.م)"
"مواصلاتبنسينامرات","1","120.00","2024-12-21","2024-12-21","مواصلات  بن سينا 3 مرات (1 قيد / 120.00 ج.م)"
"مواصلاتمرتينابنسيناباورالكاميرا","1","120.00","2025-02-05","2025-02-05","مواصلات  مرتين ابنسينا+باور الكاميرا (1 قيد / 120.00 ج.م)"
"السعدنيقهوه","1","118.00","2024-11-02","2024-11-02","السعدني / قهوه (1 قيد / 118.00 ج.م)"
"شايوسكروخل","1","116.00","2024-05-08","2024-05-08","شاي وسكر وخل (1 قيد / 116.00 ج.م)"
"المركزفودافون","1","115.00","2025-03-05","2025-03-05","المركز فودافون (1 قيد / 115.00 ج.م)"
"شهادهمخالفاتدالسعدني","1","115.00","2025-10-12","2025-10-12","شهادة مخالفات د السعدني (1 قيد / 115.00 ج.م)"
"كلور","1","112.00","2024-06-10","2024-06-10","كلور (1 قيد / 112.00 ج.م)"
"شايالشروقوبطرس","1","110.00","2024-02-24","2024-02-24","شاي الشروق وبطرس (1 قيد / 110.00 ج.م)"
"شايبطرسالشروق","1","110.00","2024-01-30","2024-01-30","شاي بطرس+ الشروق (1 قيد / 110.00 ج.م)"
"مصطفيالسعدنيابويوسف","1","110.00","2024-09-14","2024-09-14","مصطفى السعدني ابو يوسف (1 قيد / 110.00 ج.م)"
"اضافيهديرشهر","1","101.00","2025-08-14","2025-08-14","إضافي هدير شهر 7 (1 قيد / 101.00 ج.م)"
"اساتكواظرفمواصلاتابنسينا","1","100.00","2025-02-17","2025-02-17","اساتك واظرف 60+40مواصلات ابن سينا (1 قيد / 100.00 ج.م)"
"اصلاحكرسيجلد","1","100.00","2024-01-09","2024-01-09","اصلاح كرسي جلد (1 قيد / 100.00 ج.م)"
"اضافيدعمرحتييصلالشفت","1","100.00","2024-01-21","2024-01-21","اضافي د عمر حتي يصل الشفت200 (1 قيد / 100.00 ج.م)"
"اكراميهعمادتوصيلالعدسات","1","100.00","2025-11-15","2025-11-15","اكرامية عماد توصيل العدسات (1 قيد / 100.00 ج.م)"
"العداد","1","100.00","2026-01-25","2026-01-25","العداد (1 قيد / 100.00 ج.م)"
"باقيالمنظفات","1","100.00","2026-04-29","2026-04-29","باقي المنظفات (1 قيد / 100.00 ج.م)"
"باقيصيانهالتكييف","1","100.00","2026-01-29","2026-01-29","باقي صيانة التكييف (1 قيد / 100.00 ج.م)"
"بطارياتقلمريموت","1","100.00","2024-06-01","2024-06-01","بطاريات 4 قلم 4 ريموت (1 قيد / 100.00 ج.م)"
"تركيبحنفيهالشروق","1","100.00","2025-01-15","2025-01-15","تركيب حنفية الشروق (1 قيد / 100.00 ج.م)"
"تصليحالدش","1","100.00","2025-12-27","2025-12-27","تصليح الدش (1 قيد / 100.00 ج.م)"
"تصليحالكاتل","1","100.00","2024-03-20","2024-03-20","تصليح الكاتل (1 قيد / 100.00 ج.م)"
"تصليحتليفونالشروق","1","100.00","2026-06-03","2026-06-03","تصليح تليفون الشروق (1 قيد / 100.00 ج.م)"
"جرايد","1","100.00","2026-09-07","2026-09-07","جرايد (1 قيد / 100.00 ج.م)"
"حالهصفاء","1","100.00","2026-04-14","2026-04-14","حالة صفاء 14-4 (1 قيد / 100.00 ج.م)"
"حالهفيمتوالسبت","1","100.00","2026-08-04","2026-08-04","حالة فيمتو السبت 25-7 (1 قيد / 100.00 ج.م)"
"رضاسدادمنصنوق","1","100.00","2025-12-18","2025-12-18","رضا-سداد من صنوق12 (1 قيد / 100.00 ج.م)"
"سارهتمالسدادمنالاضافي","1","100.00","2024-11-07","2024-11-07","سارة/تم السداد من الاضافي11-11 (1 قيد / 100.00 ج.م)"
"سكرالشروقك","1","100.00","2024-09-17","2024-09-17","سكرالشروق3ك (1 قيد / 100.00 ج.م)"
"سكرصابون","1","100.00","2026-04-18","2026-04-18","سكر+صابون (1 قيد / 100.00 ج.م)"
"سيفونحمام","1","100.00","2025-07-26","2025-07-26","سيفون حمام (1 قيد / 100.00 ج.م)"
"صافيلاولالشهرتم","1","100.00","2024-12-28","2024-12-28","صافي لاول الشهر-تم 11-8 (1 قيد / 100.00 ج.م)"
"صافيلبكره","1","100.00","2026-02-28","2026-02-28","صافي لبكره (1 قيد / 100.00 ج.م)"
"صافيمنالمرتب","1","100.00","2026-05-23","2026-05-23","صافي من المرتب (1 قيد / 100.00 ج.م)"
"صيانهسخانالشروق","1","100.00","2025-11-25","2025-11-25","صيانه سخان الشروق (1 قيد / 100.00 ج.م)"
"صيانهكهرباءالشروق","1","100.00","2026-06-29","2026-06-29","صيانة كهرباء الشروق (1 قيد / 100.00 ج.م)"
"صيانهلمباتعملياتالشروقباقياليوميهالتانيهالدرجمقفول","1","100.00","2025-10-28","2025-10-28","صيانة لمبات عمليات الشروق/باقي اليومية التانية الدرج مقفول (1 قيد / 100.00 ج.م)"
"طابعهاستقبال","1","100.00","2024-02-17","2024-02-17","طابعه استقبال (1 قيد / 100.00 ج.م)"
"طهالتامينات","1","100.00","2025-08-20","2025-08-20","طه التأمينات (1 قيد / 100.00 ج.م)"
"طهتم","1","100.00","2024-10-26","2024-10-26","طه /تم31-10 (1 قيد / 100.00 ج.م)"
"فيمتوالفيمتو","1","100.00","2025-05-10","2025-05-10","فيمتو/ الفيمتو (1 قيد / 100.00 ج.م)"
"فيمتويومتحويلالفرق","1","100.00","2026-07-19","2026-07-19","فيمتو-يوم تحويل الفرق11-7 (1 قيد / 100.00 ج.م)"
"كالشيخمصطفي","1","100.00","2024-11-25","2024-11-25","ك الشيخ/مصطفى (1 قيد / 100.00 ج.م)"
"كروكس","1","100.00","2024-01-10","2024-01-10","كروكس (1 قيد / 100.00 ج.م)"
"كروكسطه","1","100.00","2024-01-17","2024-01-17","كروكس 100 طه (1 قيد / 100.00 ج.م)"
"كهرباءالصفوه","1","100.00","2024-05-04","2024-05-04","كهرباء الصفوة (1 قيد / 100.00 ج.م)"
"لمباتمدخل","1","100.00","2026-01-21","2026-01-21","لمبات مدخل (1 قيد / 100.00 ج.م)"
"مصطفيالسعدنيتحاليلالدكتوره","1","100.00","2025-07-29","2025-07-29","مصطفى السعدني/تحاليل الدكتوره (1 قيد / 100.00 ج.م)"
"مفيمتو","1","100.00","2025-06-30","2025-06-30","م .فيمتو (1 قيد / 100.00 ج.م)"
"مواصلاتالفيمتو","1","100.00","2026-06-27","2026-06-27","مواصلات الفيمتو (1 قيد / 100.00 ج.م)"
"مواصلاتطمرات","1","100.00","2026-03-01","2026-03-01","مواصلات ط ٤ مرات (1 قيد / 100.00 ج.م)"
"مواصلاتمرتينمستلزماتمرهالصواف","1","100.00","2024-08-14","2024-08-14","مواصلات  مرتين مستلزمات+مرة الصواف (1 قيد / 100.00 ج.م)"
"هديرسداد","1","100.00","2025-09-07","2025-09-07","هدير-سداد9-10 (1 قيد / 100.00 ج.م)"
"سكروملحوخل","1","96.00","2024-12-03","2024-12-03","سكر وملح وخل (1 قيد / 96.00 ج.م)"
"سباكهحمامالمرضيبطرس","1","95.00","2025-09-14","2025-09-14","سباكة حمام المرضى بطرس (1 قيد / 95.00 ج.م)"
"شاياخضرمعطرات","1","95.00","2024-01-07","2024-01-07","شاي اخضر+معطرات (1 قيد / 95.00 ج.م)"
"ضيافه","1","95.00","2025-01-16","2025-01-16","ضيافة (1 قيد / 95.00 ج.م)"
"النخبه","1","90.00","2026-03-04","2026-03-04","النخبة (1 قيد / 90.00 ج.م)"
"باقيمشترياتجوانتياتمواصلات","1","90.00","2026-02-03","2026-02-03","باقي مشتريات جوانتيات+مواصلات (1 قيد / 90.00 ج.م)"
"شايالشروق","1","90.00","2024-11-25","2024-11-25","شاي الشروق (1 قيد / 90.00 ج.م)"
"كوبيات","1","90.00","2025-05-11","2025-05-11","كوبيات (1 قيد / 90.00 ج.م)"
"لزقدابلفيس","1","90.00","2024-05-11","2024-05-11","لزق دابل فيس (1 قيد / 90.00 ج.م)"
"مجريالدرج","1","90.00","2024-06-05","2024-06-05","مجري الدرج (1 قيد / 90.00 ج.م)"
"الشروقكسكر","1","88.00","2024-01-07","2024-01-07","الشروق2ك سكر (1 قيد / 88.00 ج.م)"
"زايد","1","85.00","2024-11-09","2024-11-09","زايد 85 (1 قيد / 85.00 ج.م)"
"علبهدبابيس","1","85.00","2025-11-25","2025-11-25","علبة دبابيس (1 قيد / 85.00 ج.م)"
"كريزي","1","85.00","2025-01-07","2025-01-07","كريزي (1 قيد / 85.00 ج.م)"
"بالطو","1","80.00","2024-10-24","2024-10-24","بالطو (1 قيد / 80.00 ج.م)"
"بطارياتللعيادهالشروق","1","80.00","2024-02-05","2024-02-05","بطاريات للعيادة الشروق (1 قيد / 80.00 ج.م)"
"سكرخل","1","80.00","2026-05-06","2026-05-06","سكر+خل (1 قيد / 80.00 ج.م)"
"طهسداد","1","80.00","2025-12-09","2025-12-09","طه-سداد10-12 (1 قيد / 80.00 ج.م)"
"عصيرللحالات","1","80.00","2024-10-06","2024-10-06","عصير للحالات (1 قيد / 80.00 ج.م)"
"كتافلامدالسعدني","1","80.00","2026-07-04","2026-07-04","كتافلام-د السعدني (1 قيد / 80.00 ج.م)"
"مواصلاابنسيناالاسبوعيه","1","80.00","2025-05-14","2025-05-14","مواصلا  ابن سينا الأسبوعية (1 قيد / 80.00 ج.م)"
"مواصلاتابنسيناالتلاتوالسبت","1","80.00","2024-12-07","2024-12-07","مواصلات ابن سينا التلات والسبت (1 قيد / 80.00 ج.م)"
"مواصلاتابنسينامرتين","1","80.00","2025-03-18","2025-03-18","مواصلات ابن سينا مرتين (1 قيد / 80.00 ج.م)"
"مواصلاتابنسينامرتينخالصحتياليوم","1","80.00","2025-04-08","2025-04-08","مواصلات  ابن سينا مرتين خالص حتى اليوم (1 قيد / 80.00 ج.م)"
"مواصلاتابنسينامره","1","80.00","2025-03-22","2025-03-22","مواصلات ابن سينا 2 مرة (1 قيد / 80.00 ج.م)"
"مواصلاتالطباعهابنسيناالعدسات","1","80.00","2024-09-01","2024-09-01","مواصلات الطباعة+ابن سينا العدسات (1 قيد / 80.00 ج.م)"
"مواصلاتالفايلات","1","80.00","2026-07-08","2026-07-08","مواصلات الفايلات (1 قيد / 80.00 ج.م)"
"مواصلاتباورسبلايجهازالضغط","1","80.00","2025-04-12","2025-04-12","مواصلات -باور سبلاي+جهاز الضغط (1 قيد / 80.00 ج.م)"
"مواصلاتفايلاتاشعه","1","80.00","2025-11-12","2025-11-12","مواصلات فايلات اشعة (1 قيد / 80.00 ج.م)"
"مواصلاتكروتالتحويل","1","80.00","2025-01-30","2025-01-30","مواصلات كروت التحويل (1 قيد / 80.00 ج.م)"
"اقلامماركر","1","75.00","2025-04-15","2025-04-15","اقلام+ماركر (1 قيد / 75.00 ج.م)"
"السعدنيالمخدر","1","75.00","2025-07-24","2025-07-24","السعدني المخدر (1 قيد / 75.00 ج.م)"
"باقيبالطوهاتاجمالي","1","75.00","2025-05-14","2025-05-14","باقي بالطوهات اجمالي275 (1 قيد / 75.00 ج.م)"
"شايخل","1","75.00","2026-01-05","2026-01-05","شاي+خل (1 قيد / 75.00 ج.م)"
"شايشاياخضر","1","75.00","2025-02-11","2025-02-11","شاي+شاي اخضر (1 قيد / 75.00 ج.م)"
"لمبهلليافطه","1","75.00","2026-09-05","2026-09-05","لمبة لليافطة (1 قيد / 75.00 ج.م)"
"كسكرللشروق","1","74.00","2024-04-17","2024-04-17","2 ك سكر للشروق*37 (1 قيد / 74.00 ج.م)"
"اضافيايمانشهر","1","71.00","2025-08-14","2025-08-14","إضافي ايمان شهر 7 (1 قيد / 71.00 ج.م)"
"دوامصطفيالسعدني","1","70.00","2025-07-16","2025-07-16","دوا مصطفى السعدني (1 قيد / 70.00 ج.م)"
"شاحنديفيار","1","70.00","2025-03-13","2025-03-13","شاحن دي في ار (1 قيد / 70.00 ج.م)"
"شايراجون","1","70.00","2025-10-01","2025-10-01","شاي+راجون (1 قيد / 70.00 ج.م)"
"فاتورهتليفونالشروق","1","70.00","2026-05-24","2026-05-24","فاتورة تليفون الشروق (1 قيد / 70.00 ج.م)"
"كيسينسكرالشروق","1","70.00","2024-07-22","2024-07-22","كيسين سكر الشروق (1 قيد / 70.00 ج.م)"
"محمودالفيمتو","1","70.00","2024-02-14","2024-02-14","محمود الفيمتو (1 قيد / 70.00 ج.م)"
"مرسالفيمتو","1","70.00","2024-02-11","2024-02-11","مرسال فيمتو (1 قيد / 70.00 ج.م)"
"مواصلاترضوي","1","70.00","2024-10-17","2024-10-17","مواصلات رضوى (1 قيد / 70.00 ج.م)"
"مواصلاتفتحالمركز","1","70.00","2026-09-10","2026-09-10","مواصلات فتح المركز (1 قيد / 70.00 ج.م)"
"اضافيتمريضهد","1","68.00","2025-09-10","2025-09-10","إضافي تمريض هد (1 قيد / 68.00 ج.م)"
"سكركالشروق","1","68.00","2024-11-12","2024-11-12","سكر 2 ك الشروق (1 قيد / 68.00 ج.م)"
"ايويوسفلبندالسعدني","1","65.00","2025-11-12","2025-11-12","ايو يوسف لبن د السعدني (1 قيد / 65.00 ج.م)"
"كوعحوض","1","65.00","2026-02-10","2026-02-10","كوع حوض (1 قيد / 65.00 ج.م)"
"لزقحجر","1","65.00","2026-03-29","2026-03-29","لزق+حجر (1 قيد / 65.00 ج.م)"
"اظرفواقلام","1","60.00","2024-12-07","2024-12-07","اظرف واقلام (1 قيد / 60.00 ج.م)"
"شعاعالجديد","1","60.00","2024-07-01","2024-07-01","شعاع الجديد (1 قيد / 60.00 ج.م)"
"شمع","1","60.00","2025-03-09","2025-03-09","شمع (1 قيد / 60.00 ج.م)"
"طنطاشعاع","1","60.00","2024-07-06","2024-07-06","طنطا / شعاع180 (1 قيد / 60.00 ج.م)"
"فرقشفتدعمر","1","60.00","2025-10-19","2025-10-19","فرق شفت د عمر (1 قيد / 60.00 ج.م)"
"قطراتمضادحيويالشروق","1","60.00","2024-12-25","2024-12-25","قطرات مضاد حيوي الشروق (1 قيد / 60.00 ج.م)"
"مفاتيحبابالشروق","1","60.00","2025-01-07","2025-01-07","مفاتيح باب الشروق4*15 (1 قيد / 60.00 ج.م)"
"مفاتيحدالسعدني","1","60.00","2024-07-28","2024-07-28","مفاتيح د السعدني (1 قيد / 60.00 ج.م)"
"مواصلاتالملفاتكابل","1","60.00","2026-06-15","2026-06-15","مواصلات الملفات+كابل (1 قيد / 60.00 ج.م)"
"مواصلاتميناتورزدالسعدني","1","60.00","2026-06-14","2026-06-14","مواصلات مينا تورز د السعدني (1 قيد / 60.00 ج.م)"
"معالق","1","57.00","2024-03-05","2024-03-05","معالق (1 قيد / 57.00 ج.م)"
"شايسكربطرس","1","55.00","2024-11-25","2024-11-25","شاي / سكر بطرس (1 قيد / 55.00 ج.م)"
"هاندواشالشروق","1","55.00","2025-11-08","2025-11-08","هاند واش الشروق (1 قيد / 55.00 ج.م)"
"اشعهدنمير","1","50.00","2025-08-27","2025-08-27","اشعة د نمير (1 قيد / 50.00 ج.م)"
"الشناويتمسداد","1","50.00","2025-11-16","2025-11-16","الشناوي-تم سداد17-11 (1 قيد / 50.00 ج.م)"
"انتقالاتالمحامي","1","50.00","2024-11-20","2024-11-20","انتقالات المحامي (1 قيد / 50.00 ج.م)"
"بقسماط","1","50.00","2025-06-22","2025-06-22","بقسماط (1 قيد / 50.00 ج.م)"
"بيروسول","1","50.00","2026-08-31","2026-08-31","بيروسول (1 قيد / 50.00 ج.م)"
"تصليحكالونالشروق","1","50.00","2025-03-05","2025-03-05","تصليح كالون الشروق (1 قيد / 50.00 ج.م)"
"جمعيهدمحمدعبدالرحيم","1","50.00","2025-09-25","2025-09-25","جمعيه د. محمد عبدالرحيم (1 قيد / 50.00 ج.م)"
"دالسعدنيارامكس","1","50.00","2025-09-27","2025-09-27","د السعدني / ارامكس (1 قيد / 50.00 ج.م)"
"دمحمدرسالهتم","1","50.00","2025-02-23","2025-02-23","د محمد رسالة/تم (1 قيد / 50.00 ج.م)"
"رساله","1","50.00","2026-07-13","2026-07-13","رسالة (1 قيد / 50.00 ج.م)"
"رسالهدمحمدعبدالرحيم","1","50.00","2026-08-11","2026-08-11","رسالة د محمد عبدالرحيم (1 قيد / 50.00 ج.م)"
"رسالهمحمد","1","50.00","2025-12-27","2025-12-27","رسالة- محمد (1 قيد / 50.00 ج.م)"
"سلفهرضاتم","1","50.00","2024-10-17","2024-10-17","سلفة رضا/تم (1 قيد / 50.00 ج.م)"
"شحنالسعدني","1","50.00","2026-01-11","2026-01-11","شحن السعدني (1 قيد / 50.00 ج.م)"
"شنطقطرات","1","50.00","2024-12-07","2024-12-07","شنط قطرات (1 قيد / 50.00 ج.م)"
"صندوقالقرض","1","50.00","2025-10-26","2025-10-26","صندوق القرض (1 قيد / 50.00 ج.م)"
"صيانهتكييفالشروق","1","50.00","2025-07-23","2025-07-23","صيانة تكييف الشروق (1 قيد / 50.00 ج.م)"
"طبقغسيل","1","50.00","2026-08-24","2026-08-24","طبق غسيل (1 قيد / 50.00 ج.م)"
"طهابنسينامرتين","1","50.00","2025-08-09","2025-08-09","طه ابن سينا مرتين (1 قيد / 50.00 ج.م)"
"عاملهنظافه","1","50.00","2024-08-18","2024-08-18","عاملة نظافة (1 قيد / 50.00 ج.م)"
"عاملهنظافهالشروق","1","50.00","2024-09-01","2024-09-01","عاملة نظافة /الشروق (1 قيد / 50.00 ج.م)"
"محمدعبدالرحيم","1","50.00","2026-04-25","2026-04-25","محمد عبدالرحيم (1 قيد / 50.00 ج.م)"
"محمدعبدالرحيمرساله","1","50.00","2026-01-25","2026-01-25","محمد عبدالرحيم رساله (1 قيد / 50.00 ج.م)"
"مندوبابنسينا","1","50.00","2024-08-10","2024-08-10","مندوب ابن سينا (1 قيد / 50.00 ج.م)"
"مواصلاتطهالكهرباء","1","50.00","2025-12-21","2025-12-21","مواصلات طه الكهرباء (1 قيد / 50.00 ج.م)"
"مواصلاتميناتورز","1","50.00","2025-10-26","2025-10-26","مواصلات مينا تورز (1 قيد / 50.00 ج.م)"
"ادويهطواري","1","45.00","2024-09-11","2024-09-11","ادوية طوارئ (1 قيد / 45.00 ج.م)"
"اقراصلحالهطلبهادالسعدني","1","45.00","2025-05-08","2025-05-08","اقراص لحالة طلبها د السعدني (1 قيد / 45.00 ج.م)"
"شيكرتون","1","45.00","2025-10-30","2025-10-30","شيكرتون (1 قيد / 45.00 ج.م)"
"الجاوناتمواصلات","1","40.00","2024-11-06","2024-11-06","الجاونات مواصلات (1 قيد / 40.00 ج.م)"
"اوردر","1","40.00","2025-07-14","2025-07-14","اوردر (1 قيد / 40.00 ج.م)"
"رشللنمل","1","40.00","2025-10-05","2025-10-05","رش للنمل (1 قيد / 40.00 ج.م)"
"ريموتوبطاريه","1","40.00","2024-05-11","2024-05-11","ريموت وبطارية (1 قيد / 40.00 ج.م)"
"فوط","1","40.00","2026-08-26","2026-08-26","فوط (1 قيد / 40.00 ج.م)"
"قراقيشدالسعدني","1","40.00","2024-05-01","2024-05-01","قراقيش د السعدني (1 قيد / 40.00 ج.م)"
"مستلزماتدالصواف","1","40.00","2025-08-05","2025-08-05","مستلزمات د الصواف (1 قيد / 40.00 ج.م)"
"مفرش","1","40.00","2026-03-08","2026-03-08","مفرش (1 قيد / 40.00 ج.م)"
"مواصلاتالفاطميه","1","40.00","2024-05-11","2024-05-11","مواصلات  الفاطمية (1 قيد / 40.00 ج.م)"
"مواصلاتالكهربا","1","40.00","2026-01-25","2026-01-25","مواصلات الكهربا (1 قيد / 40.00 ج.م)"
"مواصلاتالمستلزمات","1","40.00","2024-09-11","2024-09-11","مواصلات المستلزمات (1 قيد / 40.00 ج.م)"
"مواصلاتطهالصوافمرتين","1","40.00","2025-05-03","2025-05-03","مواصلات طه الصواف مرتين (1 قيد / 40.00 ج.م)"
"مواصلاتطهبنسيناوالصواف","1","40.00","2025-01-27","2025-01-27","مواصلات طه بن سينا والصواف (1 قيد / 40.00 ج.م)"
"مواصلاتمحمودالكروت","1","40.00","2024-06-11","2024-06-11","مواصلات محمود الكروت (1 قيد / 40.00 ج.م)"
"مواصلاتمحموددالسعدنيتحويل","1","40.00","2024-06-11","2024-06-11","مواصلات محمود د السعدني تحويل (1 قيد / 40.00 ج.م)"
"مواصلاتمحمودمكنالملفات","1","40.00","2024-06-11","2024-06-11","مواصلات محمود مكن الملفات (1 قيد / 40.00 ج.م)"
"بيرسول","1","37.00","2025-02-22","2025-02-22","بيرسول (1 قيد / 37.00 ج.م)"
"اقلامسبوره","1","36.00","2024-02-27","2024-02-27","اقلام سبورة3*12 (1 قيد / 36.00 ج.م)"
"تحتحسابمشترياتسباكه","1","35.00","2025-11-12","2025-11-12","تحت حساب مشتريات سباكة (1 قيد / 35.00 ج.م)"
"شرشوبه","1","35.00","2024-09-18","2024-09-18","شرشوبة (1 قيد / 35.00 ج.م)"
"قطرهدمحمد","1","35.00","2025-02-11","2025-02-11","قطرة د محمد (1 قيد / 35.00 ج.م)"
"لمبه","1","35.00","2025-02-22","2025-02-22","لمبه (1 قيد / 35.00 ج.م)"
"لمبهللسلم","1","35.00","2024-09-28","2024-09-28","لمبة للسلم (1 قيد / 35.00 ج.م)"
"مساحه","1","35.00","2026-09-02","2026-09-02","مساحة (1 قيد / 35.00 ج.م)"
"باقيمواصلاترولالتعقيم","1","30.00","2026-02-10","2026-02-10","باقي مواصلات رول التعقيم (1 قيد / 30.00 ج.م)"
"تطليعالاسطواناتاكراميه","1","30.00","2026-01-12","2026-01-12","تطليع الأسطوانات اكرامية (1 قيد / 30.00 ج.م)"
"سلكمعالق","1","30.00","2025-09-15","2025-09-15","سلك+معالق (1 قيد / 30.00 ج.م)"
"شايوخل","1","30.00","2025-05-18","2025-05-18","شاي وخل (1 قيد / 30.00 ج.م)"
"فرقدعمر","1","30.00","2025-09-14","2025-09-14","فرق د عمر (1 قيد / 30.00 ج.م)"
"كوركتور","1","30.00","2026-06-09","2026-06-09","كوركتور (1 قيد / 30.00 ج.م)"
"لزقطبي","1","30.00","2024-01-10","2024-01-10","لزق طبي (1 قيد / 30.00 ج.م)"
"مصلللنمل","1","30.00","2024-10-15","2024-10-15","مصل للنمل (1 قيد / 30.00 ج.م)"
"مواصلاتمصطفيالبطاريه","1","30.00","2024-04-24","2024-04-24","مواصلات مصطفى البطارية (1 قيد / 30.00 ج.م)"
"ينوسن","1","30.00","2025-07-05","2025-07-05","ينوسن (1 قيد / 30.00 ج.م)"
"بسكوتدالسعدني","1","25.00","2025-10-02","2025-10-02","بسكوت د السعدني (1 قيد / 25.00 ج.م)"
"بلاستر","1","25.00","2026-09-05","2026-09-05","بلاستر (1 قيد / 25.00 ج.م)"
"توصيل","1","25.00","2025-07-29","2025-07-29","توصيل (1 قيد / 25.00 ج.م)"
"سلاكهاذن","1","25.00","2024-10-26","2024-10-26","سلاكة اذن (1 قيد / 25.00 ج.م)"
"شايسلك","1","25.00","2025-10-26","2025-10-26","شاي+سلك (1 قيد / 25.00 ج.م)"
"قهوهضيفدالصواف","1","25.00","2025-12-16","2025-12-16","قهوة ضيف د الصواف (1 قيد / 25.00 ج.م)"
"مواصلاتالشروق","1","25.00","2026-08-25","2026-08-25","مواصلات الشروق (1 قيد / 25.00 ج.م)"
"بريلالشروق","1","23.00","2024-02-27","2024-02-27","بريل الشروق (1 قيد / 23.00 ج.م)"
"اكراميهالاوردرحسنفايد","1","20.00","2025-06-29","2025-06-29","اكرامية الاوردرحسن فايد (1 قيد / 20.00 ج.م)"
"انتقالات","1","20.00","2024-01-07","2024-01-07","انتقالات (1 قيد / 20.00 ج.م)"
"تاكسيالشروقحالهتبعدالسعدني","1","20.00","2025-07-02","2025-07-02","تاكسي الشروق حالة تبع د السعدني (1 قيد / 20.00 ج.م)"
"دانشدالسعدني","1","20.00","2024-02-01","2024-02-01","دانش د السعدني (1 قيد / 20.00 ج.م)"
"زيادهلحالهدوليدعلاممواصلاتالصوافطه","1","20.00","2025-09-01","2025-09-01","زيادة لحالة د /وليدعلام / مواصلات الصواف طه (1 قيد / 20.00 ج.م)"
"سلفهطه","1","20.00","2025-12-30","2025-12-30","سلفة طه (1 قيد / 20.00 ج.م)"
"شرشوبهالشروق","1","20.00","2025-09-03","2025-09-03","شرشوبه الشروق (1 قيد / 20.00 ج.م)"
"شنطههدايادالسعدني","1","20.00","2024-12-18","2024-12-18","شنطة هدايا د السعدني (1 قيد / 20.00 ج.م)"
"طهالشفتالتاني","1","20.00","2025-04-28","2025-04-28","طه الشفت التاني (1 قيد / 20.00 ج.م)"
"عجزالورديهالاولي","1","20.00","2024-03-03","2024-03-03","عجز الوردية الاولى (1 قيد / 20.00 ج.م)"
"عصيردالسعدني","1","20.00","2025-11-22","2025-11-22","عصير د السعدني (1 قيد / 20.00 ج.م)"
"قرنفل","1","20.00","2024-01-14","2024-01-14","قرنفل (1 قيد / 20.00 ج.م)"
"قطراتبروزلين","1","20.00","2026-07-05","2026-07-05","قطرات-بروزلين (1 قيد / 20.00 ج.م)"
"كانيولا","1","20.00","2025-10-15","2025-10-15","كانيولا (1 قيد / 20.00 ج.م)"
"مرتجعكارتلات","1","20.00","2026-04-26","2026-04-26","مرتجع كارتلات (1 قيد / 20.00 ج.م)"
"مطهالصواف","1","20.00","2025-09-22","2025-09-22","م طه الصواف (1 قيد / 20.00 ج.م)"
"مواصلاتطهلصواف","1","20.00","2025-10-27","2025-10-27","مواصلات طه لصواف (1 قيد / 20.00 ج.م)"
"نافكون","1","20.00","2026-08-16","2026-08-16","نافكون (1 قيد / 20.00 ج.م)"
"اضافيدعمردسمااستكمالالشفت","1","17.00","2024-04-15","2024-04-15","اضافي د عمر + د سما استكمال الشفت 250 (1 قيد / 17.00 ج.م)"
"اساتك","1","15.00","2025-05-31","2025-05-31","اساتك (1 قيد / 15.00 ج.م)"
"جهازمحلول","1","15.00","2025-12-16","2025-12-16","جهاز محلول (1 قيد / 15.00 ج.م)"
"عمولهانستاباي","1","15.00","2024-04-21","2024-04-21","عمولة انستاباي (1 قيد / 15.00 ج.م)"
"كلوركس","1","15.00","2025-01-25","2025-01-25","كلوركس (1 قيد / 15.00 ج.م)"
"مواصلاتشراءالاسترليم","1","15.00","2026-06-24","2026-06-24","مواصلات شراء الاسترليم (1 قيد / 15.00 ج.م)"
"الخميسورديهتانيهكوريكتور","1","12.00","2024-10-31","2024-10-31","الخميس ورديه تانيه / كوريكتور (1 قيد / 12.00 ج.م)"
"طنطا","1","12.00","2024-02-26","2024-02-26","طنطا (1 قيد / 12.00 ج.م)"
"الورديهالسعدني","1","10.00","2024-12-16","2024-12-16","الورديه / السعدني (1 قيد / 10.00 ج.م)"
"ايمنفايد","1","10.00","2025-05-27","2025-05-27","ايمن فايد (1 قيد / 10.00 ج.م)"
"حالهاشعهدمحمد","1","10.00","2025-05-06","2025-05-06","حالة اشعة د محمد (1 قيد / 10.00 ج.م)"
"زيادهلحالهعجزالشفتالتاني","1","10.00","2025-11-30","2025-11-30","زيادة لحالة-10 عجز الشفت التاني (1 قيد / 10.00 ج.م)"
"سرنجتينسم","1","10.00","2025-05-27","2025-05-27","سرنجتين 10 سم (1 قيد / 10.00 ج.م)"
"سلكللبوفيه","1","10.00","2026-07-09","2026-07-09","سلك للبوفيه (1 قيد / 10.00 ج.م)"
"طهمواصلات","1","10.00","2024-12-23","2024-12-23","طه مواصلات (1 قيد / 10.00 ج.م)"
"عجزشفتالتاني","1","10.00","2025-08-13","2025-08-13","عجز شفت التاني (1 قيد / 10.00 ج.م)"
"قصورق","1","10.00","2024-01-03","2024-01-03","قص ورق (1 قيد / 10.00 ج.م)"
"الشفتالتاني","1","5.00","2025-08-23","2025-08-23","الشفت التاني (1 قيد / 5.00 ج.م)"
"اميرلزق","1","5.00","2024-04-20","2024-04-20","امير لزق (1 قيد / 5.00 ج.م)"
"عجزورديهالخميسبليل","1","5.00","2025-11-15","2025-11-15","عجز ورديه الخميس بليل (1 قيد / 5.00 ج.م)"
"فرققطراتمنودوكسيناوركالحاله","1","5.00","2025-09-30","2025-09-30","فرق قطرات (منودوكسين-اوركا ) لحالة (1 قيد / 5.00 ج.م)"
"نقصالشفتالاول","1","5.00","2025-02-26","2025-02-26","نقص الشفت الاول (1 قيد / 5.00 ج.م)"
