"البيان","عدد القيود","إجمالي المصروف","أول تاريخ","آخر تاريخ"
"نوري","129","18385.00","2024-09-17","2026-09-05"
"انستا","110","288435.00","2025-07-20","2026-09-16"
"اوفو","64","8970.00","2025-02-05","2026-06-09"
"جولد أي","54","6530.00","2025-01-05","2026-09-17"
"جولد اي","49","5835.00","2024-08-31","2026-01-19"
"تعاقد الشروق","47","17040.00","2024-01-28","2026-09-07"
"أبو يوسف","43","22170.00","2025-08-24","2026-09-16"
"بالطوهات","40","8455.00","2024-01-10","2026-04-30"
"طه","40","5180.00","2024-07-21","2026-09-09"
"البنات","39","59850.00","2024-03-25","2026-06-27"
"صافي","37","7020.00","2025-04-22","2026-09-07"
"كهربا","35","43785.00","2024-01-20","2025-12-21"
"أبو عمر","33","52465.00","2024-08-11","2026-09-02"
"ايجار بطرس","32","851320.00","2024-01-02","2026-09-02"
"ايجار الشروق","30","583200.00","2024-01-04","2026-09-06"
"شاي","28","1577.00","2024-01-06","2026-07-27"
"النسبة","25","889213.00","2024-02-10","2026-09-10"
"فاتورة مياه","25","3645.00","2024-01-20","2026-08-23"
"شعاع","25","2820.00","2024-02-26","2026-09-15"
"سكر","24","1412.00","2024-02-06","2026-09-07"
"شاي وسكر","23","2727.00","2024-05-21","2026-09-01"
"شفت فني","22","3401.00","2025-06-16","2026-09-15"
"مواصلات الصواف","22","530.00","2024-05-20","2026-08-11"
"مرتبات","19","1112105.00","2024-06-30","2026-07-01"
"ابو يوسف","19","8270.00","2024-02-25","2025-12-23"
"منظفات","19","4336.00","2024-01-31","2026-08-01"
"الشناوي","16","12220.00","2025-07-30","2026-08-20"
"مواصلات طه الصواف","16","340.00","2024-06-24","2025-12-29"
"مكافأة د السعدني","15","215650.00","2024-06-10","2026-08-10"
"مواصلات الملفات","15","560.00","2026-01-19","2026-09-15"
"شهرية جاد","14","53000.00","2024-03-21","2026-07-15"
"كهرباء الدار","14","27440.00","2024-05-21","2026-07-15"
"شفت","14","2181.00","2025-08-11","2026-01-25"
"تحت حساب العيادة","13","262544.00","2024-03-02","2026-09-01"
"اورانج","13","3135.00","2024-01-04","2026-05-05"
"رضا","12","11610.00","2026-01-31","2026-08-23"
"اوردر السعدني","12","9520.00","2025-07-22","2025-11-06"
"د السعدني نقدا","11","79050.00","2024-02-25","2026-09-20"
"ام محمود","11","13600.00","2025-11-18","2026-07-28"
"عم سعيد البواب","10","10250.00","2024-02-01","2025-11-01"
"نت الشروق","10","2700.00","2024-02-28","2026-08-03"
"شعاع240","10","720.00","2024-01-31","2024-11-10"
"تأمينات","9","197010.00","2024-01-10","2026-07-22"
"د السعدني","9","38730.00","2024-01-04","2026-04-05"
"عم سعيد","9","11250.00","2025-10-01","2026-08-01"
"بالطوهات+مواصلات ابن سينا","9","4720.00","2026-01-01","2026-09-05"
"اوفو240","9","780.00","2024-02-14","2024-10-09"
"سكر 2 ك","9","695.00","2024-02-22","2025-12-21"
"شعاع120","9","660.00","2024-01-07","2024-12-09"
"المكافأة","8","117800.00","2024-05-09","2026-09-10"
"طرد مصطفى السعدني","8","5550.00","2024-05-24","2025-12-10"
"ابويوسف","8","2810.00","2025-03-12","2026-07-18"
"صيانة فلتر","8","1300.00","2024-01-08","2026-06-04"
"مواصلات ابن سينا","8","1070.00","2024-03-20","2026-06-07"
"اوفو120","8","720.00","2024-01-01","2024-11-07"
"اوفو180","8","660.00","2024-01-02","2024-10-03"
"اوفو300","8","540.00","2024-01-09","2024-10-10"
"شعاع180","8","540.00","2024-02-07","2024-12-10"
"عم سعيدالبواب","7","7000.00","2024-01-01","2024-12-31"
"ريهام","7","6900.00","2025-09-15","2026-08-17"
"دوا د السعدني","7","3513.00","2024-10-12","2025-10-12"
"اضافي صافي","7","3409.00","2024-01-10","2025-02-03"
"عصام","7","2030.00","2025-08-11","2026-08-24"
"شعاع300","7","420.00","2024-02-21","2024-10-31"
"شعاع60","7","420.00","2024-01-02","2024-11-06"
"المرتبات","6","346010.00","2024-01-01","2026-09-01"
"مرتب محمود","6","22000.00","2026-02-04","2026-08-02"
"اوردر الدكتوره","6","10825.00","2025-08-02","2026-01-20"
"البواب","6","6500.00","2024-05-01","2026-09-01"
"اوردر د السعدني","6","5920.00","2025-02-11","2025-10-23"
"انستا مصطفى السعدني","6","4435.00","2025-07-29","2026-01-04"
"داليا","6","3940.00","2024-10-01","2026-05-04"
"ابو يوسف / الدكتوره","6","1970.00","2025-02-09","2025-07-20"
"نوري300","6","975.00","2024-09-22","2025-05-04"
"نوري450","6","825.00","2024-11-05","2025-06-03"
"نوري975","6","825.00","2024-10-10","2025-06-17"
"اوفو540","6","720.00","2024-01-15","2024-10-23"
"نوري1350","6","675.00","2024-10-15","2025-06-25"
"نوري525","6","675.00","2024-09-29","2025-06-04"
"نوري600","6","675.00","2024-10-05","2025-06-10"
"نوري1200","6","600.00","2024-12-09","2025-06-23"
"نوري375","6","600.00","2024-09-28","2025-05-07"
"علاج د السعدني","6","530.00","2024-03-03","2026-06-23"
"م.رضا","6","500.00","2024-07-27","2026-04-11"
"اوفو360","6","420.00","2024-01-14","2024-10-15"
"اوفو600","6","360.00","2024-01-20","2024-10-27"
"مواصلات","6","200.00","2024-07-08","2026-08-18"
"الشروق","5","8640.00","2026-01-26","2026-09-16"
"أبو يوسف بنزين","5","5520.00","2025-08-14","2026-01-17"
"اورانج+فودافون","5","4410.00","2024-12-07","2026-08-05"
"ابو يوسف بنزين","5","4100.00","2024-11-06","2025-02-20"
"اورانج وفودافون","5","3620.00","2024-07-01","2026-06-04"
"فودافون","5","3090.00","2024-01-04","2026-05-05"
"نوري2025","5","975.00","2024-10-22","2025-03-25"
"نوري1575","5","750.00","2024-12-11","2025-06-30"
"مواصلات  ابن سينا","5","680.00","2024-11-30","2025-10-30"
"نوري150","5","675.00","2024-11-03","2025-06-01"
"نوري825","5","675.00","2025-01-13","2025-06-12"
"نوري1050","5","600.00","2024-10-12","2025-06-18"
"نوري675","5","600.00","2024-10-06","2025-05-17"
"نوري900","5","525.00","2024-10-07","2025-06-16"
"شعاع480","5","480.00","2024-02-27","2024-09-16"
"نوري1725","5","450.00","2024-10-20","2025-03-24"
"مواصلات الصواف مرتين","5","200.00","2024-01-08","2025-10-11"
"شاي اخضر","5","155.00","2024-01-13","2025-06-15"
"ينسون","5","152.00","2025-09-03","2026-09-15"
"ليد مصطفي السعدني","4","440000.00","2024-07-03","2024-09-18"
"السعدني البيت","4","302000.00","2025-07-08","2025-09-16"
"مرتبات المركز","4","230700.00","2025-02-26","2025-07-31"
"العيادة","4","104350.00","2025-06-01","2026-04-01"
"(بدون بيان)","4","16565.00","2025-01-23","2025-12-10"
"انستاباي","4","11435.00","2025-08-07","2026-06-23"
"انستا باي","4","11230.00","2026-01-13","2026-09-20"
"محمد رمضان","4","8050.00","2024-11-12","2026-02-02"
"هدير","4","3400.00","2025-12-29","2026-09-13"
"أبو يوسف-الدكتورة","4","3300.00","2026-04-15","2026-07-29"
"صيانة تكييفات","4","2400.00","2024-04-18","2026-06-14"
"ابو يوسف الدكتورة","4","1800.00","2024-01-24","2025-03-16"
"طرد د السعدني","4","1680.00","2025-03-10","2025-07-29"
"فودافون+د السعدني","4","1555.00","2024-02-05","2024-05-07"
"نورا","4","1150.00","2025-11-29","2026-06-24"
"نوري1650","4","825.00","2024-10-19","2025-02-16"
"صافي/تم السداد","4","690.00","2024-01-22","2025-04-22"
"نوري225","4","600.00","2024-09-21","2025-04-08"
"نوري1425","4","525.00","2024-10-17","2025-06-29"
"اوفو480","4","480.00","2024-02-22","2024-10-22"
"جولداي","4","445.00","2024-12-01","2026-04-29"
"سكر 2ك","4","344.00","2024-02-18","2025-08-30"
"شعاع420","4","300.00","2024-02-25","2024-09-12"
"اوفو60","4","240.00","2024-04-01","2024-11-05"
"شعاع540","4","240.00","2024-02-29","2024-09-29"
"رسالة د محمد","4","200.00","2025-11-27","2026-09-08"
"باتيه د السعدني","4","85.00","2024-02-22","2024-06-26"
"طه الصواف","4","80.00","2024-09-30","2026-01-05"
"مواصلات مصطفى الصواف","4","80.00","2024-07-15","2025-02-17"
"فيزا البنك الاهلي","3","75000.00","2024-11-24","2025-02-22"
"العيدية","3","29000.00","2024-06-11","2026-05-20"
"اللستة","3","27375.00","2026-01-28","2026-02-10"
"داليا الشروق","3","12420.00","2024-09-05","2025-08-25"
"د محمد عبدالرحيم","3","6250.00","2025-06-18","2026-05-13"
"كهرباءالدار","3","5640.00","2024-07-21","2025-06-15"
"مريم","3","3000.00","2026-05-13","2026-08-16"
"أبو يوسف / الدكتوره","3","2050.00","2025-09-02","2025-11-12"
"عجز","3","1669.00","2025-09-11","2026-02-03"
"شفت د هبة","3","1650.00","2025-08-06","2025-08-25"
"اوردر مصطفى السعدني","3","1640.00","2025-08-31","2025-10-14"
"مياده تم السداد","3","1400.00","2025-07-26","2025-08-25"
"طلبات للدكتورة","3","840.00","2025-04-13","2025-09-16"
"قهوه السعدني","3","590.00","2024-12-18","2025-11-19"
"مرتجع قطرات","3","530.00","2025-02-01","2026-07-28"
"مياه","3","504.00","2024-04-17","2025-12-28"
"اوفو170","3","425.00","2024-12-03","2025-05-05"
"نوري1125","3","375.00","2025-04-27","2025-06-22"
"نوري1275","3","375.00","2024-10-13","2025-02-12"
"نوري2250","3","375.00","2024-11-19","2025-02-25"
"نوري2400","3","375.00","2024-10-27","2025-02-26"
"صيانة تكييف","3","350.00","2025-08-10","2026-02-01"
"علاج دالسعدني","3","300.00","2025-03-17","2026-02-04"
"نوري2475","3","300.00","2024-11-21","2025-02-27"
"سكر وشاي","3","259.00","2024-07-27","2026-08-16"
"اوفو420","3","240.00","2024-04-08","2024-10-20"
"نوري1500","3","225.00","2025-01-19","2025-05-31"
"سكر2 ك","3","223.00","2024-08-12","2025-01-07"
"د السعدني رضوى كفر الشيخ","3","210.00","2024-10-22","2024-10-29"
"اوفو660","3","180.00","2024-04-24","2024-08-19"
"شعاع360","3","180.00","2024-02-22","2024-09-11"
"رسالة- د محمد","3","150.00","2025-06-22","2025-10-26"
"لزق","3","82.00","2024-03-07","2026-08-24"
"عصير","3","60.00","2026-05-10","2026-05-13"
"خل","3","51.00","2024-09-15","2026-07-09"
"كوريكتور","3","37.00","2024-02-21","2025-11-16"
"البيت","2","200000.00","2026-01-29","2026-07-20"
"السعدني / البيت","2","150000.00","2025-06-25","2025-09-22"
"باقي المرتبات","2","90173.00","2024-03-05","2025-05-01"
"د السعدني  فيزا البنك الأهلي","2","55000.00","2026-01-24","2026-02-23"
"دالسعدني","2","51570.00","2025-07-26","2026-07-11"
"من حساب النسبة","2","43079.00","2024-01-09","2026-03-10"
"الايجار","2","40450.00","2025-08-04","2025-10-05"
"تامينات","2","34058.00","2025-11-17","2026-01-25"
"مينا تورز د السعدني","2","33150.00","2024-11-11","2025-01-22"
"فيزا cib","2","32000.00","2024-05-04","2024-12-02"
"حساب الفيس","2","31000.00","2024-06-23","2024-08-19"
"ميناتورز د السعدني","2","27300.00","2024-02-17","2024-05-08"
"السعدني/العربيه","2","10500.00","2025-08-21","2025-10-27"
"بسيوني","2","9600.00","2025-09-06","2025-09-28"
"تاب للعياده","2","8700.00","2025-07-15","2025-07-27"
"الدكتوره / قسط امان","2","7100.00","2025-09-03","2026-02-10"
"هشام السعدني","2","7000.00","2025-10-18","2026-02-11"
"جاد","2","6600.00","2024-04-21","2024-10-08"
"د سعيد","2","5000.00","2025-08-31","2025-10-23"
"الدكتوره/تابروير","2","4800.00","2025-08-02","2025-08-27"
"تحت حساب جاونات","2","4400.00","2025-02-23","2026-08-06"
"الجمعيات د السعدني","2","4000.00","2024-12-01","2025-01-29"
"د السعدني عبدالحميد","2","4000.00","2025-03-11","2025-07-20"
"كهربا الدار","2","3760.00","2025-03-15","2025-08-19"
"كهربا الدار تم","2","3760.00","2024-10-21","2024-12-18"
"أبو يوسف تغيير زيت","2","3750.00","2025-08-05","2026-04-15"
"تحت حساب ورق","2","3500.00","2025-07-08","2026-08-25"
"هشام","2","3500.00","2024-07-21","2026-01-29"
"اوردر الدكتورة","2","3180.00","2025-12-31","2026-03-24"
"ابوعمر","2","3000.00","2026-04-08","2026-07-12"
"اورانج +فودافون","2","2290.00","2026-04-05","2026-07-05"
"اورانج+فودافون/د السعدني","2","2180.00","2025-08-04","2025-10-05"
"اورانج+فودافون+د السعدني","2","2040.00","2025-12-03","2026-01-05"
"نورا لاول الشهر","2","2000.00","2025-02-08","2025-07-28"
"اوردر أبو عمر","2","1810.00","2026-06-07","2026-06-27"
"السعدني / ليكويد","2","1780.00","2024-10-26","2025-10-11"
"بنزين-أبو يوسف","2","1700.00","2025-09-20","2025-10-29"
"بنزين ابو يوسف","2","1600.00","2025-03-26","2025-06-11"
"مناديل","2","1580.00","2025-11-04","2026-02-18"
"ادوات مكتبية","2","1454.00","2024-02-14","2024-07-10"
"محلول ملح","2","1065.00","2024-08-13","2024-09-11"
"منظفات الشروق","2","1037.00","2024-10-01","2026-06-28"
"بالطوهات+م.ابن سينا","2","1030.00","2026-06-04","2026-08-06"
"مواصلات ابن سينا+بالطوهات","2","1030.00","2026-01-15","2026-02-12"
"انستا باي مصطفى السعدني","2","1010.00","2025-03-23","2025-07-15"
"الجمعية/دالسعدني","2","1000.00","2025-08-31","2025-11-01"
"تصليح زجاج","2","1000.00","2024-08-01","2024-10-08"
"عدسات شهريه 2","2","940.00","2025-11-18","2025-11-19"
"بلاطي 275/160 مواصلات","2","870.00","2025-09-18","2025-10-16"
"اوردر هشام","2","840.00","2025-10-07","2025-10-13"
"فلتر الشروق","2","800.00","2024-08-06","2025-09-28"
"باقي نسب د سعيد","2","750.00","2025-12-01","2025-12-31"
"انستا ابوعمر","2","720.00","2026-02-01","2026-02-03"
"محاليل","2","720.00","2024-12-04","2024-12-22"
"30 قطرة بينوكس","2","660.00","2026-04-09","2026-09-10"
"باور السيرفر","2","600.00","2025-04-12","2025-07-10"
"البالطو","2","550.00","2025-07-26","2025-11-15"
"عمولة تأمينات","2","550.00","2026-02-01","2026-07-26"
"فلتر","2","525.00","2024-10-07","2025-11-24"
"اضافي ساره","2","510.00","2024-10-08","2024-12-17"
"قهوة أبو عمر","2","510.00","2026-04-30","2026-06-23"
"فاتورة نت الشروق","2","460.00","2024-07-02","2025-05-04"
"ام محمود-14-10","2","450.00","2025-08-27","2025-09-16"
"سارة","2","450.00","2026-06-16","2026-08-16"
"نوري2850","2","450.00","2024-11-23","2024-12-28"
"نوري2625","2","375.00","2024-10-28","2024-12-25"
"نوري 825","2","370.00","2024-09-30","2025-02-08"
"اضافي سارة","2","362.00","2024-11-11","2025-02-05"
"شاي وسكر الشروق","2","325.00","2025-05-20","2026-03-29"
"اوفو840","2","300.00","2024-05-29","2024-08-21"
"شعاع660","2","300.00","2024-03-28","2024-09-19"
"نوري 2775","2","300.00","2024-10-31","2024-12-26"
"نوري3000","2","300.00","2024-10-31","2024-12-31"
"قهوه أبو عمر","2","280.00","2026-01-20","2026-02-02"
"اوفو595","2","255.00","2024-12-12","2025-01-13"
"ايمان ياسر","2","250.00","2025-10-16","2026-09-08"
"طرد ابوعمر","2","250.00","2026-06-22","2026-06-24"
"نوري 1125","2","225.00","2025-01-18","2025-02-10"
"نوري2175","2","225.00","2024-11-17","2025-02-24"
"نوري750","2","225.00","2025-04-16","2025-06-11"
"سباك","2","220.00","2024-02-11","2025-01-06"
"ساره /تم1-1","2","210.00","2024-12-17","2024-12-26"
"جولدز اي","2","200.00","2024-04-14","2024-05-20"
"صيانة كرسي العيادة","2","200.00","2025-07-12","2026-07-04"
"فيمتو","2","200.00","2025-09-01","2026-04-23"
"قطرات","2","190.00","2025-07-27","2026-02-04"
"اوفو255","2","170.00","2024-12-08","2025-01-05"
"اوفو680","2","170.00","2024-12-23","2025-01-18"
"اوفو765","2","170.00","2024-12-25","2025-01-20"
"اوفو850","2","170.00","2024-12-25","2025-01-25"
"مفاتيح","2","160.00","2024-08-31","2025-02-27"
"قارورة مايه","2","150.00","2024-07-08","2024-07-21"
"نوري1800","2","150.00","2025-01-28","2025-02-18"
"نوري2100","2","150.00","2025-02-20","2025-03-26"
"نوري2325","2","150.00","2024-10-26","2024-12-23"
"نوري75","2","150.00","2024-11-02","2025-03-02"
"لزق الشروق","2","120.00","2025-06-18","2026-07-26"
"مواصلات الصواف 3 مرات","2","120.00","2024-02-19","2024-04-24"
"د محمد رسالة","2","100.00","2024-12-01","2025-02-01"
"رسالة نورا","2","100.00","2026-03-01","2026-05-21"
"رسالة-نورا","2","100.00","2025-12-28","2026-03-18"
"اقلام الشروق","2","95.00","2024-05-27","2025-03-15"
"بطاريات","2","90.00","2026-04-30","2026-08-03"
"بقصماط","2","85.00","2025-05-18","2025-06-01"
"اقلام","2","84.00","2024-10-26","2024-12-10"
"حجارة","2","82.00","2024-09-11","2026-02-16"
"م/رضا","2","80.00","2025-06-14","2025-07-12"
"صابون","2","75.00","2025-11-27","2026-03-24"
"ك سكر","2","74.00","2024-12-22","2025-06-11"
"مفك","2","65.00","2024-02-01","2024-10-20"
"كوبايات","2","52.00","2024-08-06","2025-06-15"
"مسامير","2","35.00","2025-02-20","2025-10-05"
"سلك","2","20.00","2025-11-23","2026-05-25"
"مصطفى السعدني 2800$*65","1","182000.00","2024-02-10","2024-02-10"
"د. السعدني","1","180000.00","2024-08-14","2024-08-14"
"تحويل 2000$ مركز ابن سينا متبقي 1500$","1","106000.00","2026-09-12","2026-09-12"
"مصطفى السعدني","1","100000.00","2026-06-24","2026-06-24"
"مصطفى السعدني نقدا","1","100000.00","2024-10-24","2024-10-24"
"نقدا د السعدني","1","100000.00","2026-08-19","2026-08-19"
"عدسات 125 بوكس","1","96000.00","2025-08-06","2025-08-06"
"المشارط 2 بوكس","1","80000.00","2025-08-31","2025-08-31"
"بوكسين مشارط SBK130","1","80000.00","2025-07-07","2025-07-07"
"من حساب 5 علب مشارط","1","75000.00","2026-04-26","2026-04-26"
"تحويل دولار لد السعدني تم السداد / + 10800 من شنطة حسابات كفرالشيخ","1","70000.00","2024-12-04","2024-12-04"
"من تحت حساب المرتبات","1","65424.00","2024-02-01","2024-02-01"
"د السعدني تحويل 1335$*48.57 تسترد من البيت","1","64800.00","2025-09-04","2025-09-04"
"من حساب المرتبات","1","59830.00","2024-05-01","2024-05-01"
"دفع التامينات","1","55000.00","2025-01-05","2025-01-05"
"د السعدني / د تيمور","1","53000.00","2024-12-23","2024-12-23"
"أبو عمر نقدا","1","50000.00","2026-07-23","2026-07-23"
"د السعدني  وائل أبو حسين","1","50000.00","2026-02-04","2026-02-04"
"يد مصطفى السعدني","1","50000.00","2024-10-08","2024-10-08"
"النسة","1","49748.00","2025-08-10","2025-08-10"
"النسبة+مكافأة د السعدني","1","49575.00","2024-12-10","2024-12-10"
"نسبة شهر10","1","46790.00","2024-11-10","2024-11-10"
"حساب 44 بوكس عدسات+7 بونص","1","44000.00","2024-09-01","2024-09-01"
"ضرايب د السعدني","1","42850.00","2024-03-31","2024-03-31"
"عدسات بعد العملية42*1000","1","42000.00","2024-05-23","2024-05-23"
"م.الساحل+فيزاcib/د السعدني","1","40000.00","2025-02-04","2025-02-04"
"اللسته","1","39375.00","2026-01-27","2026-01-27"
"تحت حساب العيادة شهر4","1","39000.00","2026-04-30","2026-04-30"
"نسبة شهر 1","1","37057.00","2026-02-10","2026-02-10"
"جاد اسطوانة غاز+الشهرية+1000 مع السعدني","1","37000.00","2025-11-04","2025-11-04"
"نسبة شهر9","1","36125.00","2024-10-10","2024-10-10"
"أسطوانة+شهرية جاد","1","36000.00","2026-03-16","2026-03-16"
"جاد اسطوانة +شهرية","1","36000.00","2025-05-19","2025-05-19"
"المشارط -السعدني علبة","1","35000.00","2024-05-29","2024-05-29"
"د السعدني / فيزا الأهلي","1","35000.00","2026-04-22","2026-04-22"
"أسطوانة الجهاز","1","33000.00","2025-08-17","2025-08-17"
"اسطوانة الجهاز","1","33000.00","2025-02-25","2025-02-25"
"نسبة","1","32715.00","2025-12-10","2025-12-10"
"د السعدني تحت حساب العيادة شهر5","1","31000.00","2026-06-01","2026-06-01"
"نسبة شهر 10","1","30407.00","2025-11-10","2025-11-10"
"التامينات","1","30250.00","2025-01-15","2025-01-15"
"التأمينات","1","30000.00","2025-06-23","2025-06-23"
"باقي العدسة جاد","1","30000.00","2026-07-15","2026-07-15"
"حساب عدسات حالة كفرالشيخ تسترد من د سعيد غدا","1","30000.00","2025-11-15","2025-11-15"
"عدسة 45 ديفلكتور-باقي 30","1","30000.00","2026-07-01","2026-07-01"
"فلوس cib/تم السداد","1","30000.00","2024-10-05","2024-10-05"
"فيزا cib / تم السداد كفر الشيخ","1","30000.00","2025-08-02","2025-08-02"
"فيزا cib من العياده- سداد من حساب العدسات5-10(10000)+(20000)كفر الشيخ ايراد شهر9","1","30000.00","2025-10-04","2025-10-04"
"فيزا cib يخصم من العياده","1","30000.00","2025-07-03","2025-07-03"
"فيزا البنك الأهلي تسترد من العياده-تم السدادمن عيادة كفر الشيخ","1","30000.00","2025-10-20","2025-10-20"
"فيزا البنك الأهلي د السعدني","1","30000.00","2026-01-22","2026-01-22"
"فيزا البنك الاهلي تسدد من العياده","1","30000.00","2025-11-24","2025-11-24"
"تحت حساب العيادة شهر10","1","29000.00","2025-11-01","2025-11-01"
"ميناتورز د السعدني/تم السداد10-8كفر الشيخ","1","27800.00","2025-07-30","2025-07-30"
"115 قطرة بي لينك","1","27600.00","2026-08-23","2026-08-23"
"ايجاربطرس","1","26600.00","2025-10-05","2025-10-05"
"حساب العيادة","1","26500.00","2025-07-31","2025-07-31"
"تحت حساب العيادة شهر9","1","26100.00","2025-09-30","2025-09-30"
"د السعدني -نقدا","1","25000.00","2025-04-16","2025-04-16"
"فيزا cib يستردوا من د السعدني","1","25000.00","2025-05-03","2025-05-03"
"فيزا البنك الاهلي تسترد من د السعدني","1","25000.00","2025-12-22","2025-12-22"
"فيزا cib من العياده","1","24000.00","2025-09-03","2025-09-03"
"السعدني/تم سداد20000 يوم27-10","1","23000.00","2025-10-22","2025-10-22"
"جاد الشهرية +20000 من حساب الاسطوانة","1","23000.00","2024-05-21","2024-05-21"
"مصطفى السعدني انستا","1","21700.00","2025-06-17","2025-06-17"
"تحت حساب العيادة شهر11","1","21500.00","2025-12-01","2025-12-01"
"شركة السياحة-دهب أبو عمر","1","20700.00","2026-07-19","2026-07-19"
"تحت حساب عيادة طنطا شهر10","1","20570.00","2024-10-30","2024-10-30"
"حساب العيادة شهر 1","1","20404.00","2024-02-01","2024-02-01"
"تحت حساب باب الشروق","1","20200.00","2024-12-11","2024-12-11"
"اعلانات فيس حتي 3-7-2025","1","20000.00","2025-06-25","2025-06-25"
"باقي حساب المكتب ضرايب","1","20000.00","2025-12-24","2025-12-24"
"تحت حساب تصليح جهاز الفاكو","1","20000.00","2024-08-26","2024-08-26"
"حالة مياة بيضا","1","20000.00","2026-08-11","2026-08-11"
"حالة مياه بيضا","1","20000.00","2026-08-25","2026-08-25"
"د السعدني  فيزا CIB","1","20000.00","2026-02-04","2026-02-04"
"د السعدني نقدا/تم السداد من مصطفى السعدني البيت","1","20000.00","2025-07-16","2025-07-16"
"د. السعدني فيزا cib","1","20000.00","2024-07-03","2024-07-03"
"شنطة رمضان+اضافي د السعدني","1","20000.00","2024-03-02","2024-03-02"
"ضرايب كسب العمل/ المكتب","1","20000.00","2025-08-31","2025-08-31"
"فيزا البنك الاهلي (من فلوس العياده)","1","20000.00","2024-08-21","2024-08-21"
"ليد د السعدني-سداد من عيادة كفر الشيخ9-10","1","20000.00","2025-10-02","2025-10-02"
"م/جاد تحت حساب الاسطوانه","1","20000.00","2024-07-14","2024-07-14"
"من حساب تصليح جهاز الفاكو (واصل 140 متبقي 40)/تم السداد ك","1","20000.00","2024-09-04","2024-09-04"
"من حساب تصليح جهاز الفاكو (واصل 160 متبقي 20)/تم السداد ك","1","20000.00","2024-09-10","2024-09-10"
"من حساب تصليح جهاز الفاكو (واصل 180 خالص)تم ك","1","20000.00","2024-09-17","2024-09-17"
"نسبة العيادة","1","20000.00","2025-12-31","2025-12-31"
"تحويل 400$*49.25 د السعدني","1","19700.00","2024-08-05","2024-08-05"
"شيرين تم السداد","1","19685.00","2025-08-25","2025-08-25"
"باقي حساب عدسات مياه بيضا","1","19300.00","2026-09-16","2026-09-16"
"ايجارالشروق","1","19250.00","2025-01-04","2025-01-04"
"بسنت البنات+فيزا البنك الأهلي+تجديد موقع الضرايب","1","19125.00","2024-03-02","2024-03-02"
"حساب م/جاد","1","18000.00","2026-06-03","2026-06-03"
"ميناتورز+انتقالات","1","17750.00","2025-07-16","2025-07-16"
"جاد شهرية+فلونس","1","17600.00","2025-02-01","2025-02-01"
"بولي فريش100*126.25+جاتي ستار100*45","1","17125.00","2025-02-18","2025-02-18"
"تحت حساب العيادةشهر5","1","17100.00","2024-05-30","2024-05-30"
"تحت حساب العيادة شهر12","1","17000.00","2024-01-01","2024-01-01"
"د السعدني مكافأة","1","16800.00","2024-10-10","2024-10-10"
"باقي حساب 20 بوكس سبونج*1580","1","16600.00","2026-08-16","2026-08-16"
"حالة الفيمتو","1","16000.00","2026-04-23","2026-04-23"
"فلوانس+أي تراكر+شهرية جاد","1","16000.00","2026-04-26","2026-04-26"
"جاد باقي الاسطوانة +3600 شهرية","1","15600.00","2024-07-30","2024-07-30"
"باقي النسبة","1","15586.00","2026-03-11","2026-03-11"
"أبو يوسف فيزا العربية","1","15000.00","2025-09-08","2025-09-08"
"جاد الشهرية + 12000 باقي حساب الاسطوانه","1","15000.00","2024-06-05","2024-06-05"
"د السعدني / م سعاد","1","15000.00","2025-08-19","2025-08-19"
"مكتب المحاسبة واصل140000","1","15000.00","2024-03-02","2024-03-02"
"من حساب الاسطوانة14-5","1","15000.00","2026-05-19","2026-05-19"
"من حساب سبونج باقي16600","1","15000.00","2026-07-13","2026-07-13"
"مناديل+ورق تعقيم+ورق تبكيت+روشتات+مصنعية+مستلزمات+مواصلات","1","14925.00","2024-10-10","2024-10-10"
"اضافي د السعدني","1","14400.00","2024-09-10","2024-09-10"
"مكافأة د السعدني+سارة","1","14400.00","2025-05-10","2025-05-10"
"من حساب العيادة","1","13562.00","2025-03-27","2025-03-27"
"الفطار باقي ١٥٠ + ٥٠٠ خصم","1","13500.00","2026-03-04","2026-03-04"
"د السعدني البنك الاهلي","1","13000.00","2024-03-23","2024-03-23"
"فلونس +شهرية جاد","1","12500.00","2025-12-16","2025-12-16"
"عدد 100 قطرة بولي فريش","1","12350.00","2025-08-11","2025-08-11"
"الات د السعدني","1","12300.00","2025-05-06","2025-05-06"
"العيدية+المكافاة","1","12000.00","2024-04-08","2024-04-08"
"انستا حالة ليزك","1","12000.00","2026-07-20","2026-07-20"
"عدسات شركة يس تسترد من د السعدني","1","11600.00","2025-07-05","2025-07-05"
"جهاز السيرفر + شاشه","1","11500.00","2026-02-28","2026-02-28"
"عدسات د السعدني","1","11220.00","2024-07-18","2024-07-18"
"تحت حساب عيادة طنطا","1","11010.00","2024-10-01","2024-10-01"
"دالسعدني / كمال شمس","1","10500.00","2025-07-27","2025-07-27"
"شنطة رمضان","1","10500.00","2025-03-01","2025-03-01"
"مستلزمات الشروق/+مواصلات","1","10170.00","2025-01-15","2025-01-15"
"اتعاب مكتب المحاسبة","1","10000.00","2025-04-24","2025-04-24"
"البنات - أبو عمر","1","10000.00","2026-07-02","2026-07-02"
"البنات/ د السعدني","1","10000.00","2026-02-23","2026-02-23"
"السعدني بكره","1","10000.00","2025-08-12","2025-08-12"
"السعدني/تم السداد","1","10000.00","2024-07-25","2024-07-25"
"انستا السعدني / البيت","1","10000.00","2025-10-01","2025-10-01"
"انستا السعدني تم السداد","1","10000.00","2025-08-24","2025-08-24"
"انستا باي (حساب العملية-شهرية جاد تم تحويلها شهر 10)","1","10000.00","2025-10-29","2025-10-29"
"تحت حساب العيادة شهر7","1","10000.00","2024-08-03","2024-08-03"
"تحت حساب العيادة شهر8","1","10000.00","2024-09-01","2024-09-01"
"د السعدني / مصطفي","1","10000.00","2024-01-25","2024-01-25"
"د السعدني اسكندريه/السعدني روضه/البنات","1","10000.00","2025-11-13","2025-11-13"
"سلفة السعدني تسدد شهريا","1","10000.00","2025-11-16","2025-11-16"
"فلوانس","1","10000.00","2024-02-19","2024-02-19"
"فيزا cib هرجعهم مع سداد الفيزا يوم 59","1","10000.00","2024-08-21","2024-08-21"
"مكافأة رمضان","1","10000.00","2026-02-18","2026-02-18"
"مكتب المحاسبة الميزانية","1","10000.00","2026-04-16","2026-04-16"
"مكتب المحاسبة واصل150000/الميزانية","1","10000.00","2024-04-21","2024-04-21"
"مكتب المحاسبه 160000","1","10000.00","2024-06-10","2024-06-10"
"نسبة قطرات حتى31-7","1","9455.00","2026-08-06","2026-08-06"
"كفرات اشعة 1000*9.4","1","9400.00","2024-02-13","2024-02-13"
"الفطار45*205","1","9225.00","2025-03-19","2025-03-19"
"جونتيات+جاونات+اوفر شوز +رول+كوبايات","1","9040.00","2026-09-06","2026-09-06"
"اصلاح الاير بف","1","9000.00","2026-09-15","2026-09-15"
"تحت حساب الأبواب","1","9000.00","2026-08-03","2026-08-03"
"من تحت حساب 1000 كفر اشعة/","1","9000.00","2024-08-06","2024-08-06"
"قطع غيار الكارينز/كفر الشيخ10-8","1","8900.00","2025-07-31","2025-07-31"
"لمبة عيادة1+عيادة 2 (احتياطي)","1","8850.00","2026-07-01","2026-07-01"
"فيمتو-(5 مشارط ميتال هيد ابن سينا)","1","8750.00","2025-07-08","2025-07-08"
"ابو يوسف / المقابر","1","8500.00","2024-12-21","2024-12-21"
"حساب فايلات الاشعه","1","8500.00","2025-11-07","2025-11-07"
"عدد 200 قطرة","1","8400.00","2025-01-19","2025-01-19"
"مقدم الفطار+مواصلات لابوعمر","1","8170.00","2024-03-16","2024-03-16"
"السعدني /العربية","1","8150.00","2025-07-30","2025-07-30"
"الطابعة+ اكرامية","1","8100.00","2026-01-31","2026-01-31"
"مستلزمات فاتورة تاريخ 10-9","1","8040.00","2025-09-08","2025-09-08"
"البنات 3500/هشام 4000/السعدني 500","1","8000.00","2024-09-15","2024-09-15"
"د السعدني  من حساب مينا تورز","1","8000.00","2025-10-11","2025-10-11"
"جاونات وجوانتيات+محاليل20*18+كابل طابعة ش+جراب د السعدني+س.نت+4 مواصلات","1","7950.00","2025-07-15","2025-07-15"
"نت بطرس من شهر 9 حتي 4","1","7800.00","2026-04-18","2026-04-18"
"جاونات وسرنجات وجوانتيات","1","7300.00","2024-03-05","2024-03-05"
"150مواصلات للجاونات والكروكس والباور سبلاي + جاون100*22+2 جلفز*1050+2 جلفز*975","1","7050.00","2025-10-19","2025-10-19"
"ام محمود تم سداد 4000 يوم 277-سداد500 يوم10-9-2500 يوم14-10","1","7000.00","2025-06-16","2025-06-16"
"عدسات الأمريكي تبع د السعدني","1","7000.00","2025-07-27","2025-07-27"
"كفر الشيخ","1","7000.00","2025-06-01","2025-06-01"
"كفر الشيخ د سعيد","1","7000.00","2025-03-27","2025-03-27"
"كفر الشيخ- تم السداد من عيادة كفر الشيخ","1","7000.00","2025-12-01","2025-12-01"
"الدكتوره / بسيوني","1","6500.00","2026-09-12","2026-09-12"
"تاتش الاوتوريف","1","6500.00","2024-02-17","2024-02-17"
"تي في بوكس","1","6500.00","2026-03-24","2026-03-24"
"د السعدني / مينا تورز","1","6500.00","2025-06-02","2025-06-02"
"4 علب جونتيات+4 شاش معقم+جهاز محلول","1","6355.00","2026-07-28","2026-07-28"
"د السعدني ( باقي الأضحيه_فيزا قديم)","1","6300.00","2024-06-24","2024-06-24"
"حالة د السعدني","1","6250.00","2026-04-15","2026-04-15"
"د الصواف","1","6250.00","2024-04-07","2024-04-07"
"السعدني / موتور مايه","1","6200.00","2024-05-07","2024-05-07"
"تحت حساب مستلزمات وجاونات","1","6200.00","2026-02-17","2026-02-17"
"من حساب فيزا cib","1","6200.00","2024-04-03","2024-04-03"
"حساب نضارة الدكتوره و السعدني","1","6000.00","2025-09-09","2025-09-09"
"قطر الحرمين 450 ريال","1","6000.00","2024-07-01","2024-07-01"
"كاترلات2000*3","1","6000.00","2026-09-14","2026-09-14"
"مكافأة محمود عدد 40 يوم*150 من يوم22-9 حتى 30-11","1","6000.00","2025-12-14","2025-12-14"
"ميتوميس10علب*600","1","6000.00","2026-09-16","2026-09-16"
"جونتيات+جاونات+مناديل+ع.طباعة+مواصلات","1","5885.00","2026-05-14","2026-05-14"
"تحت حساب مستلزمات+مطبوعات","1","5800.00","2026-03-29","2026-03-29"
"باقي جاد شهر 1-2","1","5600.00","2024-02-19","2024-02-19"
"جاونات100*21+4 جوانتي*875","1","5600.00","2024-05-28","2024-05-28"
"السعدني/الدكتورة","1","5550.00","2025-12-01","2025-12-01"
"فاتورة مستلزمات20-6+مواصلات","1","5530.00","2026-06-16","2026-06-16"
"باقي حساب الفولدرات","1","5500.00","2025-07-14","2025-07-14"
"باقي حساب فايلات اشعة1000*10.5","1","5500.00","2026-07-08","2026-07-08"
"تجديد الختم الاليكتروني","1","5500.00","2024-08-07","2024-08-07"
"كارتلة 1000*4.5+50بكر اوتوريف *20","1","5500.00","2024-01-30","2024-01-30"
"بدل مواصلات","1","5400.00","2024-08-18","2024-08-18"
"جوانتيات1*1100+4*1050مقاس 7.5","1","5300.00","2024-09-05","2024-09-05"
"فوط75*70 جنيه للعمليات","1","5250.00","2026-05-19","2026-05-19"
"جونتيات5 علب+4اوفر شوز","1","5170.00","2025-03-05","2025-03-05"
"محمد رمضان الدكتوره + مواصلات","1","5050.00","2025-10-27","2025-10-27"
"ا محمد نوار","1","5000.00","2025-06-17","2025-06-17"
"السعدني ليوم ١٠","1","5000.00","2025-11-24","2025-11-24"
"باقي فلوس فيزا البنك الاهلي تسترد من فلوس العياده +21700","1","5000.00","2025-06-19","2025-06-19"
"تحت حساب الترخيص","1","5000.00","2026-05-18","2026-05-18"
"تحت حساب فايلات اشعة","1","5000.00","2026-06-23","2026-06-23"
"د السعدني / دكتور الاسنان","1","5000.00","2025-09-06","2025-09-06"
"د السعدني اسكندريه / البنات","1","5000.00","2025-04-29","2025-04-29"
"د السعدني كهربا البيت و الساحل و اليكس","1","5000.00","2026-02-22","2026-02-22"
"د السعدني محمد رمضان","1","5000.00","2026-02-22","2026-02-22"
"د السعدني/الجمعية تم","1","5000.00","2024-10-17","2024-10-17"
"د السعدني/النادي","1","5000.00","2025-02-08","2025-02-08"
"د. السعدني / مينا تورز","1","5000.00","2025-02-11","2025-02-11"
"عدد 2 رول تعقيم*1400+350 بكر حمام+380 سحب+90قفل ورزة+50لزق+120مواصلات+100 فيمتو+4 شاش*1200","1","5000.00","2025-08-17","2025-08-17"
"عيادة البحر د السعدني","1","5000.00","2024-05-08","2024-05-08"
"فيزا البنك الأهلي","1","5000.00","2026-08-02","2026-08-02"
"قسط الدكتوره","1","5000.00","2026-04-14","2026-04-14"
"محمد رمضان الصيدلية","1","5000.00","2024-11-20","2024-11-20"
"وارد من د السعدني/سداد ضريبة كسب العمل","1","5000.00","2025-12-31","2025-12-31"
"دفاتر الشروق52دفتر*70+1000 كارت*1.35","1","4990.00","2024-02-04","2024-02-04"
"اوفر شوز8*45+جوانتي(8.5*1050*2)+جوانتي7.5(2*975)+انتقالات+ابن سينا","1","4930.00","2025-05-18","2025-05-18"
"لمبات للعيادة","1","4900.00","2025-03-16","2025-03-16"
"بسيوني/تم السداد","1","4800.00","2025-08-04","2025-08-04"
"دفتر 25*110+ورق اقرار2000*1.5","1","4750.00","2026-04-12","2026-04-12"
"عدد100 جاون*22+2 جونتيات *1050+محاليل 20*18","1","4660.00","2025-08-05","2025-08-05"
"الطابعة/د سعيد","1","4640.00","2025-08-10","2025-08-10"
"د السعدني -مرتب م/س","1","4630.00","2026-04-14","2026-04-14"
"فيزا البنك الاهلي شهر 1 / غلطه في الحساب","1","4500.00","2025-02-08","2025-02-08"
"قطرات سانوليفوكس 100*44.25","1","4425.00","2025-01-14","2025-01-14"
"السعدني / بسيوني","1","4400.00","2025-04-29","2025-04-29"
"علبتين تعقيم صغيرين","1","4400.00","2026-09-03","2026-09-03"
"طابعة عيادة","1","4370.00","2025-07-15","2025-07-15"
"بالطوهات تفصيل 17*250","1","4250.00","2024-10-29","2024-10-29"
"العيدية21*200","1","4200.00","2025-03-26","2025-03-26"
"حساب جونتيات+شاش+مناديل+سرنجات 5و10","1","4200.00","2025-12-24","2025-12-24"
"ميتوميسن 7 علب*600","1","4200.00","2025-08-14","2025-08-14"
"فك وتركيب صيدلية سبرباي/تم","1","4125.00","2024-10-01","2024-10-01"
"من حساب العيادة شهر 6","1","4050.00","2024-06-30","2024-06-30"
"أبو يوسف نقدا+فيزا د السعدني","1","4000.00","2025-11-17","2025-11-17"
"العربية ابو يوسف","1","4000.00","2025-01-09","2025-01-09"
"العيدية01*200","1","4000.00","2025-06-03","2025-06-03"
"تحت حساب 4 علب جونتيات","1","4000.00","2026-07-11","2026-07-11"
"تحت حساب جوانتيات","1","4000.00","2026-01-27","2026-01-27"
"تحويل شهرية جاد","1","4000.00","2026-08-24","2026-08-24"
"تحويل هشام","1","4000.00","2025-11-23","2025-11-23"
"جاد يد الجهاز","1","4000.00","2025-07-27","2025-07-27"
"د السعدني / سمير","1","4000.00","2024-02-15","2024-02-15"
"شهرية جاد تم دفعها من انستا باي مصطفى السعدني","1","4000.00","2025-10-29","2025-10-29"
"شهرية جاد-انستا","1","4000.00","2026-09-13","2026-09-13"
"علبتين تعقيم","1","4000.00","2024-09-21","2024-09-21"
"كارتله (4*1000)","1","4000.00","2024-09-16","2024-09-16"
"كرتونتين بيتادين","1","4000.00","2024-12-12","2024-12-12"
"مرتب جاد/شهرية","1","4000.00","2025-08-17","2025-08-17"
"مرتب محمود الفقي","1","4000.00","2026-09-01","2026-09-01"
"نمير حتي نهاية شهر 7","1","3950.00","2024-08-14","2024-08-14"
"جوانت معقم3*1050+اوفر هيد3*160+شوز6*50","1","3930.00","2024-02-22","2024-02-22"
"لمبة جهاز كفرالشيخ+2طورش","1","3900.00","2025-11-24","2025-11-24"
"نسبة شهر 5 و أساسي شهر 6 و 7 (شيرين)","1","3825.00","2025-08-16","2025-08-16"
"اسطوانتين*450+نقل رايح جاي2900","1","3800.00","2026-01-12","2026-01-12"
"باقي المشارط","1","3800.00","2025-09-28","2025-09-28"
"10 سترليم مستورد-1مصري","1","3700.00","2026-06-24","2026-06-24"
"dvr","1","3700.00","2026-08-04","2026-08-04"
"الوان الطابعه (4*2)*450 + 100 اكراميه","1","3700.00","2026-01-27","2026-01-27"
"د/السعدني بسنت البنات","1","3700.00","2024-01-15","2024-01-15"
"جاونات100*22 +مناديل سحب2*425+2 حمام*275+80 مشوارين","1","3680.00","2025-06-10","2025-06-10"
"صندوق القرض / ريهام يسدد شهر 11","1","3600.00","2024-09-18","2024-09-18"
"لاب د. السعدني للمركز","1","3600.00","2024-04-24","2024-04-24"
"محمد جاد","1","3600.00","2025-04-17","2025-04-17"
"امان-قسط الدكتورة","1","3500.00","2025-10-05","2025-10-05"
"حلويات الإفطار 5*700","1","3500.00","2026-03-04","2026-03-04"
"د السعدني / اللاب","1","3500.00","2024-12-28","2024-12-28"
"شقة اسكندريه-سدادمن كفر الشيخ شهر 10","1","3500.00","2025-11-06","2025-11-06"
"طرد الدكتور","1","3500.00","2026-06-01","2026-06-01"
"قسط امان / الدكتوره","1","3500.00","2025-11-02","2025-11-02"
"قطرات هيالوبتيك*100","1","3450.00","2025-04-26","2025-04-26"
"صيانة الموتور","1","3420.00","2026-09-02","2026-09-02"
"لمبة للعيادة /الفاطمية","1","3400.00","2024-05-11","2024-05-11"
"100 فارمابريد","1","3385.00","2026-02-26","2026-02-26"
"100 قطرة فارما بريد","1","3385.00","2026-02-17","2026-02-17"
"الكهرباءتغيير مفاتيح العمومي+التكييف","1","3360.00","2026-06-27","2026-06-27"
"بالتتين مناديل*315+105جاون*22+علبة سرنجات 10سم*300+3 انتقالات","1","3360.00","2024-08-19","2024-08-19"
"عدد 50 علبة لوبستيرا+موكسيسيارو","1","3325.00","2024-03-17","2024-03-17"
"نت 10لـ2+نت الشروق 2","1","3300.00","2025-02-05","2025-02-05"
"بسيوني 1000/ اوردر الدكتوره 2200","1","3200.00","2025-06-24","2025-06-24"
"روشتات 52*61.25","1","3185.00","2024-01-09","2024-01-09"
"قطرات100هيالوبيتك*31.7","1","3170.00","2025-07-28","2025-07-28"
"عدد45 دفتر *70","1","3150.00","2024-05-28","2024-05-28"
"جوانتيات+اوفر هيد+بيتادين","1","3110.00","2024-08-12","2024-08-12"
"اسطوانتين نيتروجين","1","3100.00","2024-11-21","2024-11-21"
"بالطو تمريض (25م قماش 2000ج ,1050 طرح 14*75 , 50 مواصلات)","1","3100.00","2024-09-18","2024-09-18"
"عدد20محلول*20+2 جوانتي معقم*1050+2سرنجات*260+80مواصلات","1","3100.00","2025-06-19","2025-06-19"
"مصطفى السعدني انستا اوفو","1","3060.00","2024-10-19","2024-10-19"
"د السعدني فيزا cib 15000-9230-2720","1","3050.00","2024-02-05","2024-02-05"
"لمبة يونيت لد السعدني السفر","1","3050.00","2025-10-07","2025-10-07"
"هارد للسيرفر+مواصلات","1","3050.00","2026-08-31","2026-08-31"
"أبو يوسف - عسل","1","3000.00","2026-07-21","2026-07-21"
"ابويوسف-بنزين للساحل والقاهرة","1","3000.00","2026-06-11","2026-06-11"
"الاوتوريف ٢٥٠٠ج اللينس ميتر ٥٠٠ج","1","3000.00","2025-12-24","2025-12-24"
"تحت حساب ضرايب الصفوة د السعدني","1","3000.00","2024-12-23","2024-12-23"
"تحت حساب كفرات الاشعه","1","3000.00","2025-06-30","2025-06-30"
"جاونات110*22+1 سرنجة5سم*315+1سرنجة3 سم*300","1","3000.00","2025-04-13","2025-04-13"
"د السعدني فايلات حسن","1","3000.00","2025-01-28","2025-01-28"
"د السعدني نقطة","1","3000.00","2024-04-17","2024-04-17"
"د السعدني-كهرباء الدار","1","3000.00","2026-09-14","2026-09-14"
"د.السعدني / مشروع العلاج","1","3000.00","2025-02-10","2025-02-10"
"د/ سعيد","1","3000.00","2026-03-24","2026-03-24"
"سميه /سداد شهر 6","1","3000.00","2026-04-19","2026-04-19"
"طه-طبي","1","3000.00","2026-07-21","2026-07-21"
"كهرباء الدار د السعدني","1","3000.00","2026-08-16","2026-08-16"
"الغرفة","1","2900.00","2025-10-27","2025-10-27"
"طابعة الشروق تغيير حبر","1","2900.00","2026-04-22","2026-04-22"
"قسط الدكتورة","1","2900.00","2026-05-06","2026-05-06"
"جاون+جوانتيات","1","2870.00","2024-09-18","2024-09-18"
"محمود شهر 12","1","2850.00","2026-01-06","2026-01-06"
"تحويل انستا الدكتوره","1","2800.00","2025-09-28","2025-09-28"
"فارما تيرز100*27.8","1","2780.00","2024-06-12","2024-06-12"
"ابو يوسف / بصل","1","2750.00","2024-05-05","2024-05-05"
"بيتادين 2 جركن+كلور","1","2750.00","2025-08-18","2025-08-18"
"قطرات 100*27.5فارما تيرز","1","2750.00","2024-11-18","2024-11-18"
"نت بطرس والشروق وكفر الشيخ من 11ل2","1","2750.00","2024-02-05","2024-02-05"
"السعدني / ازاز العربيه","1","2730.00","2025-09-03","2025-09-03"
"عدد25 دفتر روشتات*128 مدفوع عربون 500","1","2700.00","2026-06-11","2026-06-11"
"عصام بداية من 1-8/2024--10/1 (500)","1","2700.00","2025-06-01","2025-06-01"
"نت بطرس 5 (690) و 6 (550) و 7 (690) و 8 (690)","1","2620.00","2025-08-03","2025-08-03"
"لمبة نيترز تانية","1","2600.00","2024-05-13","2024-05-13"
"البنات / ماث-سداد من كفر الشيخ شهر 10","1","2550.00","2025-11-05","2025-11-05"
"أبو يوسف -الساحل","1","2500.00","2026-07-13","2026-07-13"
"أبو يوسف-القاهرة","1","2500.00","2026-06-01","2026-06-01"
"الدكتوره / تابروير-سداد من كفر الشيخ شهر 10","1","2500.00","2025-11-04","2025-11-04"
"النضارة د السعدني","1","2500.00","2025-04-23","2025-04-23"
"باقي حساب تبات د السعدني","1","2500.00","2024-05-21","2024-05-21"
"تحت حساب تحليل العينه","1","2500.00","2025-08-18","2025-08-18"
"جونات","1","2500.00","2025-11-18","2025-11-18"
"د السعدني-حالة عزيزة محمود ياسين","1","2500.00","2026-07-06","2026-07-06"
"د السعدني-شقة الصفوة-","1","2500.00","2025-04-16","2025-04-16"
"رسوم السجل التجاري","1","2500.00","2024-09-09","2024-09-09"
"كارت نضارة وتحويل 2000*1.25","1","2500.00","2024-06-11","2024-06-11"
"قطرة موكسي 100*33-.25 خصم","1","2475.00","2026-02-01","2026-02-01"
"الصواف/تم السداد","1","2425.00","2024-07-02","2024-07-02"
"قطرة موكسي فلوكس 100*24.10","1","2410.00","2025-04-30","2025-04-30"
"د سيد عباس","1","2400.00","2026-05-19","2026-05-19"
"كارت نضارة طنا كفرالشيخ 2000*.75+2 ختم دائري","1","2400.00","2025-06-26","2025-06-26"
"مكافأة د السعدني شيرين شهر 5 و 6 و 7","1","2400.00","2025-08-16","2025-08-16"
"بيتادين+كلور","1","2375.00","2025-02-02","2025-02-02"
"حبر للطابعة475*4+حبر للطابعة اسود475*1","1","2375.00","2026-09-06","2026-09-06"
"المشروبات","1","2350.00","2026-03-04","2026-03-04"
"قطرات مونودوكسين100*23.2","1","2320.00","2024-03-28","2024-03-28"
"أبو يوسف تغيير زيت كارينز","1","2300.00","2026-04-21","2026-04-21"
"اشتراك الغرفة التجارية","1","2300.00","2026-07-26","2026-07-26"
"كهربا بيت د السعدني","1","2300.00","2026-04-18","2026-04-18"
"ماية الساحل","1","2300.00","2025-06-15","2025-06-15"
"نت بطرس 4 شهور6-9/ارضي 3 شهور","1","2300.00","2024-09-10","2024-09-10"
"تصفية عدادات الكهربا مخزن صدقي","1","2270.00","2025-10-04","2025-10-04"
"تغيير حبر طابعة الشروق","1","2250.00","2025-06-01","2025-06-01"
"شهر2-3 دنمير 22.5 عملية","1","2250.00","2024-04-07","2024-04-07"
"/الجونات100*22+40مواصلات","1","2240.00","2024-12-05","2024-12-05"
"جاون22*100+مواصلات","1","2240.00","2026-01-11","2026-01-11"
"تحت .ح. ورق تعقيم واوفر شوز وهيد","1","2200.00","2026-02-04","2026-02-04"
"جاون طبيب/100*22","1","2200.00","2024-10-24","2024-10-24"
"شحن الميتال هيد-مرتجع ابن سينا مواصلات (2500-300)","1","2200.00","2025-01-19","2025-01-19"
"فراشة+مشال","1","2200.00","2026-03-04","2026-03-04"
"يافطة باب الشقة","1","2200.00","2026-09-03","2026-09-03"
"ميدراسيل1+25 بلجيكا+40 بينوكس1","1","2150.00","2026-05-20","2026-05-20"
"حبر الطابعة","1","2125.00","2024-05-29","2024-05-29"
"السعدني/فلوماك/بنزين","1","2100.00","2025-07-02","2025-07-02"
"جوانتي معقم علبتين 50*1050","1","2100.00","2024-07-08","2024-07-08"
"حونتيات 2*1050","1","2100.00","2024-08-11","2024-08-11"
"د محمد عبد الرحيم رسالة/تم السداد","1","2100.00","2024-07-02","2024-07-02"
"كهربا + المواصلات","1","2100.00","2026-01-12","2026-01-12"
"جونتي معقم3*620+اوفر هيد واوفر شوز 2و4","1","2085.00","2024-01-06","2024-01-06"
"نسبة 12 كشف د سعيد","1","2060.00","2026-02-01","2026-02-01"
"انستا (1500+550)","1","2050.00","2025-11-03","2025-11-03"
"باقي كروت التحويل1500+160 4 مشاوير+2 ستاد للكود+6 ظرف","1","2050.00","2025-07-27","2025-07-27"
"كهربا+ انتقالات شركة الكهربا","1","2040.00","2024-08-28","2024-08-28"
"مكتب المحاسبة استخراج وثيقة للضرايب","1","2020.00","2024-09-03","2024-09-03"
"باقي جاونات+محاليل+مناديل","1","2015.00","2026-07-12","2026-07-12"
"أبو يوسف / بنزين القاهره","1","2000.00","2026-08-09","2026-08-09"
"أبو يوسف/الدكتوره","1","2000.00","2025-11-05","2025-11-05"
"ابو عمر السبت-تم السداد","1","2000.00","2026-01-22","2026-01-22"
"البنات عربي","1","2000.00","2025-01-06","2025-01-06"
"الجمعيات (الرضوان+ا محمد سلطان )","1","2000.00","2025-05-29","2025-05-29"
"الدكتوره","1","2000.00","2024-08-01","2024-08-01"
"السعدني / ريموت","1","2000.00","2025-02-09","2025-02-09"
"السعدني / نضاره","1","2000.00","2025-02-16","2025-02-16"
"ايمان من القرض/تم السداد","1","2000.00","2024-07-30","2024-07-30"
"باقي حساب الزجاج والابواب اجمالي11000","1","2000.00","2026-08-16","2026-08-16"
"بكر100*20","1","2000.00","2026-07-29","2026-07-29"
"تحت حساب سفر اسكندرية +المطار","1","2000.00","2026-06-25","2026-06-25"
"ترجمة التوكيلات  د السعدني","1","2000.00","2024-07-24","2024-07-24"
"تصليح لاب البنتاكام و الاوضه","1","2000.00","2026-02-16","2026-02-16"
"تم السداد1-12","1","2000.00","2024-11-25","2024-11-25"
"جمعية الرضوان +ا محمد سلطان","1","2000.00","2025-08-02","2025-08-02"
"جمعية الرضوان+ا محمد سلطان","1","2000.00","2025-03-29","2025-03-29"
"جميعة الرضوان / محمد سلطان","1","2000.00","2025-10-02","2025-10-02"
"حسناء-الترخيص","1","2000.00","2026-07-18","2026-07-18"
"حفلة د حازم","1","2000.00","2025-09-14","2025-09-14"
"د السعدني الجمعية","1","2000.00","2024-02-01","2024-02-01"
"د السعدني جمعيات","1","2000.00","2026-02-02","2026-02-02"
"د السعدني يوم بكره او التلات-سدد18000 من اصل 20000يوم25","1","2000.00","2025-03-23","2025-03-23"
"شقة البحر","1","2000.00","2025-04-08","2025-04-08"
"صيانة يونتات كفر الشيخ+يونت الشروق","1","2000.00","2025-10-27","2025-10-27"
"عمولة مخزن صدقي","1","2000.00","2025-10-06","2025-10-06"
"كهربا بيت د/السعدني/تم السداد ك","1","2000.00","2024-09-10","2024-09-10"
"كهرباء/طه","1","2000.00","2025-06-10","2025-06-10"
"ورق 15*132","1","2000.00","2025-08-30","2025-08-30"
"ورق 1800/حافظه 200/مواصلات 40","1","2000.00","2024-08-17","2024-08-17"
"نسبة د سعيد شهر 7","1","1990.00","2026-08-02","2026-08-02"
"عدد72 قطرة سايكلو","1","1970.00","2024-08-22","2024-08-22"
"اوركابريد100*19.5","1","1950.00","2024-04-18","2024-04-18"
"تركيب قطع غيار الكارينز","1","1950.00","2025-08-02","2025-08-02"
"نمير مرتجع من 1-8 حتى 31-12(باقي1900)","1","1950.00","2025-01-08","2025-01-08"
"كروكس ابيض عمليات 5*85+مناديل سحب39+مناديل بكر350+2 كرتونة مياه*350+80مواصلات","1","1945.00","2025-10-06","2025-10-06"
"ورق5 باكت70+5 باكت80 وملفات شفافة 3*85+مواصلات","1","1925.00","2025-01-23","2025-01-23"
"د نمير باقي حسابه حتى 31-12","1","1900.00","2025-01-19","2025-01-19"
"م رضا تسدد من الجمعيه + 3000 شهريا","1","1900.00","2025-11-30","2025-11-30"
"ادوات مكتبية+ اكواب بلاستيك+مواصلات  مرتين","1","1890.00","2024-11-12","2024-11-12"
"الدار","1","1880.00","2026-04-14","2026-04-14"
"الدار دالسعدني","1","1880.00","2024-11-18","2024-11-18"
"د السعدني  كهرباء الدار","1","1880.00","2024-04-18","2024-04-18"
"د. السعدني كهربا الدار","1","1880.00","2024-06-23","2024-06-23"
"دالسعدني الدار","1","1880.00","2025-01-23","2025-01-23"
"كهربا الدار -دالسعدني","1","1880.00","2025-04-14","2025-04-14"
"كهربا الدار/تم","1","1880.00","2024-09-18","2024-09-18"
"السعدني / فلوماك","1","1875.00","2025-07-06","2025-07-06"
"قطرات اوجو 18.75*100","1","1875.00","2025-11-29","2025-11-29"
"ورق طباعه5*80ج+5*70ج+انتقالات+مواصلات كرسي بنتاكام الشروق","1","1875.00","2024-11-30","2024-11-30"
"دوسيهات+اساتك+فايلات شفافة+انتقالات","1","1855.00","2025-08-16","2025-08-16"
"علبتين سرنجات 10 سم*325+10 فايل *65+3 كابولي*155+80 مشوارين","1","1845.00","2025-05-27","2025-05-27"
"حساب العصاير 50 عبوه","1","1835.00","2025-03-18","2025-03-18"
"د السعدني/نضارات","1","1820.00","2026-01-04","2026-01-04"
"أبو يوسف ترخيص العربيه","1","1800.00","2025-09-06","2025-09-06"
"تلصيح البروجيكتور-الشروق","1","1800.00","2025-12-24","2025-12-24"
"فرق شفتات د سعيد شهر مارس1292+دسما470","1","1762.00","2025-04-06","2025-04-06"
"باقي حبر الطابعة3*475+احتياطي","1","1750.00","2026-09-06","2026-09-06"
"هارد سيرفر ٥٠٠ جيجا متبقي ٢٠٠ج ل ط","1","1750.00","2026-03-01","2026-03-01"
"البنات1000ج/ دوا الصيدليه725ج","1","1725.00","2024-03-13","2024-03-13"
"مكتبيات+محاليل+لوحات+اوفر شوز","1","1725.00","2026-08-18","2026-08-18"
"أبو يوسف الدكتورة+سفر القاهرة","1","1700.00","2026-09-15","2026-09-15"
"ابو يوسف (الدكتورة+هشام)","1","1700.00","2025-06-14","2025-06-14"
"الطابعة","1","1700.00","2025-03-10","2025-03-10"
"بطارية لاب د. السعدني","1","1700.00","2024-05-07","2024-05-07"
"حبر طابعة الشروق","1","1700.00","2024-10-13","2024-10-13"
"شهادة الليزر -ترخيص","1","1700.00","2026-08-04","2026-08-04"
"يافطة ارض السعدني+ مواصلات  +كفرالشيخ","1","1680.00","2024-11-14","2024-11-14"
"قطرات 40","1","1640.00","2025-08-13","2025-08-13"
"كشوفات د سعيد","1","1620.00","2025-10-02","2025-10-02"
"اضافي الشروق شهر فبراير ويناير","1","1606.00","2025-03-16","2025-03-16"
"ابو يوسف/البيت مبيدات تم","1","1600.00","2024-10-17","2024-10-17"
"تكملة للعيادة","1","1600.00","2026-02-10","2026-02-10"
"علبة تعقيم صغيرة","1","1600.00","2025-01-26","2025-01-26"
"كرسي اوضة الدكاتره (2*800)","1","1600.00","2024-09-28","2024-09-28"
"جاونات50*17+جوانتي4*180","1","1570.00","2024-01-21","2024-01-21"
"تغيير درام اسود للطابعة","1","1550.00","2025-09-25","2025-09-25"
"محمد رمضان/د السعدني","1","1550.00","2024-04-14","2024-04-14"
"مستلزمات رول تعقيم+اوفر شوز وهيد+مواصلات","1","1550.00","2025-02-11","2025-02-11"
"سلوك الاستقبال + مصنعية الكهربائي","1","1545.00","2024-09-05","2024-09-05"
"حساب المناديل+مواصلات","1","1540.00","2025-01-30","2025-01-30"
"أكياس زباله","1","1500.00","2026-06-20","2026-06-20"
"ابو يوسف / دهان","1","1500.00","2025-04-26","2025-04-26"
"اكياس زبالة 25ك*60","1","1500.00","2024-03-05","2024-03-05"
"البنات / القران","1","1500.00","2025-11-01","2025-11-01"
"البنات د السعدني","1","1500.00","2024-02-05","2024-02-05"
"السعدني اوردر","1","1500.00","2025-09-02","2025-09-02"
"الشناوي لاول الشهر/تم1-7","1","1500.00","2025-06-24","2025-06-24"
"الشناوي يستردو السبت-تم","1","1500.00","2025-10-23","2025-10-23"
"ام محمود-سداد11-11 من النسبة1000-450 يوم14-12","1","1500.00","2025-11-05","2025-11-05"
"ايمان ليوم الثلاثاء","1","1500.00","2024-06-05","2024-06-05"
"تحت حساب الورق","1","1500.00","2026-06-23","2026-06-23"
"تحت حساب كروت نظارة1000*1.5","1","1500.00","2026-08-23","2026-08-23"
"تحت حساب مستلزمات عمليات","1","1500.00","2026-09-20","2026-09-20"
"حساب 1000 كارت نضاره","1","1500.00","2025-11-23","2025-11-23"
"ساره لشهر 5","1","1500.00","2026-01-27","2026-01-27"
"صافي400/تم سداد/11/10- تم سداد(360 يوم 124)-540يوم11-8","1","1500.00","2024-02-26","2024-02-26"
"لمبة لبروجكتور العيادة الأولى","1","1500.00","2026-06-10","2026-06-10"
"لمبة للبروجيكتور عيادة","1","1500.00","2026-05-07","2026-05-07"
"نت و ارضي 3 و 4 بطرس و الشروق","1","1500.00","2025-04-26","2025-04-26"
"نقل كباس الاستراحة للعيادات","1","1500.00","2026-07-13","2026-07-13"
"كرتونتين محاليل+2 سرنجات 10 سم","1","1490.00","2026-06-08","2026-06-08"
"نسبة دسعيد شهر3","1","1480.00","2026-04-05","2026-04-05"
"مستلزمات (1375 رول تعقيم+اوفر شوز 50)+انتقالات 40","1","1465.00","2024-06-10","2024-06-10"
"ورق طباعة باكو80+باكو70","1","1450.00","2024-05-01","2024-05-01"
"السعدني السجاده","1","1400.00","2025-11-19","2025-11-19"
"حساب الفراشة1200+200مشال","1","1400.00","2025-03-18","2025-03-18"
"نسبة م فاطمه","1","1392.00","2025-07-12","2025-07-12"
"حساب ورق 2 باكت 80 جرام + مواصلات","1","1390.00","2025-11-16","2025-11-16"
"طنطا - (كهربا + مشتريات )","1","1387.00","2024-07-07","2024-07-07"
"دالسعدني (شلت)","1","1380.00","2026-04-12","2026-04-12"
"نسبة د سعيد شهر فبراير","1","1375.00","2026-03-04","2026-03-04"
"السعدني / طه تحويل محفظه","1","1370.00","2024-12-21","2024-12-21"
"تصليح شاشة الشروق","1","1350.00","2025-03-05","2025-03-05"
"د نمير شهر11+12","1","1350.00","2024-01-10","2024-01-10"
"نت الشروق من 9 حتي 1","1","1340.00","2026-04-18","2026-04-18"
"عدد 55 جاون*20+5 اوفر هيد*45","1","1325.00","2024-02-11","2024-02-11"
"اكياس 20 ك احمر واسود+هاربيك+انتقالات","1","1300.00","2024-10-20","2024-10-20"
"البنات قرأن","1","1300.00","2025-01-06","2025-01-06"
"اللوجو+نقل الباب","1","1300.00","2026-08-25","2026-08-25"
"النت شهر 345","1","1300.00","2024-06-01","2024-06-01"
"حبر طابعه / ازرق و اصفر بنتاكام / استقبال","1","1300.00","2024-12-16","2024-12-16"
"صيانة جهاز التبكيت+التكييف الشروق","1","1300.00","2024-05-15","2024-05-15"
"كارت تحويل عيون الشروق1000*1.3","1","1300.00","2025-01-19","2025-01-19"
"نيديل هولدر جيفت 2*650 لد سعدني","1","1300.00","2025-10-06","2025-10-06"
"أكياس زباله 20ك + 20ج مواصلات","1","1280.00","2025-08-16","2025-08-16"
"جاونات45*22 واوفر شوز5*50","1","1280.00","2024-07-28","2024-07-28"
"حبر طابعة البنتاكام 2 ازرق 1 اصفر","1","1275.00","2025-08-02","2025-08-02"
"كشوفات فيزيتا *140*5+كشوفات المركز5*115(دسعيد)","1","1275.00","2025-07-01","2025-07-01"
"فودافون+اورانج","1","1270.00","2026-09-06","2026-09-06"
"أبو عمر-الجمعية","1","1250.00","2026-06-17","2026-06-17"
"أبو يوسف بنزين و بسطرمه","1","1250.00","2025-08-03","2025-08-03"
"ريهام ليوم السبت-تم7-7","1","1250.00","2025-07-02","2025-07-02"
"صيانة الاوتو ريف","1","1250.00","2024-01-17","2024-01-17"
"لمبة اليونيت عياده 2","1","1245.00","2025-02-22","2025-02-22"
"أبو يوسف بنزين+علاج القط","1","1200.00","2026-07-28","2026-07-28"
"إضافي نورا","1","1200.00","2026-07-13","2026-07-13"
"ام محمود/تمالسداد22-12","1","1200.00","2024-08-20","2024-08-20"
"بنزين أبو يوسف","1","1200.00","2026-03-10","2026-03-10"
"بوكس عدسات د اعتدال","1","1200.00","2024-02-04","2024-02-04"
"بيتادين 2 جركن","1","1200.00","2024-08-20","2024-08-20"
"تجديد النفايات","1","1200.00","2025-02-16","2025-02-16"
"تحت حساب جوانتيات الشروق","1","1200.00","2025-10-29","2025-10-29"
"سلفة محمود تم التسويه 28-5","1","1200.00","2024-04-28","2024-04-28"
"لمبة لليونت","1","1200.00","2024-11-23","2024-11-23"
"هارد سيرفر ٢٥٦ جيجا","1","1200.00","2026-03-01","2026-03-01"
"قطرات (14 ميدرابيد+20 بلجيكا*35)","1","1190.00","2024-11-28","2024-11-28"
"تجديد النفايات عامين+المواصلات","1","1165.00","2026-06-07","2026-06-07"
"ابويوسف(بنزين+طلبات للدكتورة)","1","1150.00","2025-05-21","2025-05-21"
"سلفة محمود تم التسويه 28-4","1","1150.00","2024-03-14","2024-03-14"
"طرد الدكتوره","1","1150.00","2025-04-27","2025-04-27"
"باكت ورق 5*220","1","1140.00","2024-07-17","2024-07-17"
"جوانتي مقم مقاس 7.5","1","1140.00","2024-02-26","2024-02-26"
"سلفة مرسال تم تسويتها14-3","1","1115.00","2024-02-08","2024-02-08"
"ورق طباعة6*185","1","1110.00","2024-02-11","2024-02-11"
"مصطفى السعدني /اللاب","1","1105.00","2025-05-06","2025-05-06"
"السعدني / شريط دوا","1","1100.00","2024-06-05","2024-06-05"
"باقي حساب كروت نظاره","1","1100.00","2025-01-11","2025-01-11"
"تحت حساب حالات الفيمتو","1","1100.00","2026-05-23","2026-05-23"
"دالسعدني ابو يوسف","1","1100.00","2024-08-06","2024-08-06"
"ريهام يسترد التلات","1","1100.00","2025-02-23","2025-02-23"
"نسبة د سعيد حتى اليوم","1","1100.00","2025-12-21","2025-12-21"
"حساب 5مفاتيح+كوبايات +مياه+مفرش+بلح","1","1080.00","2025-03-19","2025-03-19"
"اورانج + فودافون","1","1075.00","2025-07-06","2025-07-06"
"كهرباء +فاتورة تليفون ارضي","1","1065.00","2024-05-21","2024-05-21"
"بكرة تعقيم 1*1050","1","1050.00","2024-01-14","2024-01-14"
"السعدني/y2k","1","1025.00","2025-04-12","2025-04-12"
"دعايا فيس","1","1010.00","2025-05-18","2025-05-18"
"أبو يوسف / بنزين","1","1000.00","2025-09-11","2025-09-11"
"أبو يوسف د السعدني","1","1000.00","2025-08-10","2025-08-10"
"أبو يوسف/ بنزين","1","1000.00","2025-09-03","2025-09-03"
"أبو يوسف/عجلة عمر","1","1000.00","2026-01-20","2026-01-20"
"إضافي الجهاز","1","1000.00","2026-09-13","2026-09-13"
"ا/بسنت - البنات","1","1000.00","2024-02-20","2024-02-20"
"ابو يوسف / بنزين و بسطرمه","1","1000.00","2025-06-28","2025-06-28"
"ابويوسف -بنزين","1","1000.00","2025-04-15","2025-04-15"
"اشتراك البرنامج شهرين","1","1000.00","2025-10-15","2025-10-15"
"اشراف الجهاز","1","1000.00","2026-08-10","2026-08-10"
"اشراف الجهاز ramez","1","1000.00","2026-07-15","2026-07-15"
"البكر50*20","1","1000.00","2025-02-01","2025-02-01"
"البنات / القران-سداد من كفر الشيخ شهر10","1","1000.00","2025-11-04","2025-11-04"
"السعدني / طريقي","1","1000.00","2025-02-01","2025-02-01"
"السعدني / عمر","1","1000.00","2024-12-31","2024-12-31"
"السعدني يوم السبت","1","1000.00","2025-12-17","2025-12-17"
"السعدني/الدكتوره","1","1000.00","2025-08-16","2025-08-16"
"الشناوي يستردو السبت","1","1000.00","2025-10-27","2025-10-27"
"ام محمود/تم السداد10-6","1","1000.00","2025-06-03","2025-06-03"
"اوكره للشروق","1","1000.00","2025-12-04","2025-12-04"
"بنزين","1","1000.00","2026-04-28","2026-04-28"
"بنزين ابويوسف","1","1000.00","2026-02-04","2026-02-04"
"تحت حساب تليفون لخطوط العيادة/","1","1000.00","2025-06-10","2025-06-10"
"تكملة الخطوبة","1","1000.00","2026-02-10","2026-02-10"
"حساب 10 ايام هدير 100*9 حتي شهر 12 + يوم من شهر 1","1","1000.00","2025-01-15","2025-01-15"
"خطأفي حساب د السعدني/فرق حالة مياه بيضا بطاقة صحية","1","1000.00","2024-11-11","2024-11-11"
"ريهام تم السداد","1","1000.00","2025-08-25","2025-08-25"
"ساره لأول الشهر يخصم من المرتب + 200 قديم سداد 200 يوم 29-12","1","1000.00","2025-08-16","2025-08-16"
"سعدني اونلاين","1","1000.00","2024-09-30","2024-09-30"
"سيكلو فرين10","1","1000.00","2025-05-22","2025-05-22"
"شحن كهربا","1","1000.00","2025-08-04","2025-08-04"
"صيانة كفرالشيخ-د السعدني","1","1000.00","2024-09-11","2024-09-11"
"ضريبه عقاريه صيدلية سبرباي سنة 23 و 24","1","1000.00","2024-08-28","2024-08-28"
"طه /كاش","1","1000.00","2025-07-23","2025-07-23"
"عصام يوم 10","1","1000.00","2026-02-05","2026-02-05"
"عم سعيد-البواب","1","1000.00","2024-06-01","2024-06-01"
"كاميرا الشروق","1","1000.00","2025-10-11","2025-10-11"
"مصطفى السعدني الفيمتو /انستاباي","1","1000.00","2025-06-30","2025-06-30"
"مواصلات حالة الفيمتو 500 مركز/500 د السعدني","1","1000.00","2025-07-09","2025-07-09"
"نورا لأول الشهر","1","1000.00","2026-01-20","2026-01-20"
"نورا لاول الشهر/تم السداد3-8","1","1000.00","2024-07-20","2024-07-20"
"هدير ليوم 10-سداد9-10+سداد200 يوم10-12","1","1000.00","2025-09-04","2025-09-04"
"هدير ليوم 10/تم يوم10","1","1000.00","2025-08-27","2025-08-27"
"هدير/تم السداد9-10","1","1000.00","2024-12-12","2024-12-12"
"هشام/العلاج الحر","1","1000.00","2025-02-23","2025-02-23"
"وصلات لاب اوضة الاطباء","1","1000.00","2025-04-17","2025-04-17"
"د السعدني ل د محمد عبدالرحيم","1","975.00","2025-12-08","2025-12-08"
"اورانج260+فودافون700","1","960.00","2025-11-05","2025-11-05"
"السعدني / العربيه","1","950.00","2025-07-26","2025-07-26"
"كوبايات *350+فايلات شفافة4*130+80 مواصلات","1","950.00","2026-01-18","2026-01-18"
"مصطفى السعدني /الشروق","1","950.00","2025-05-19","2025-05-19"
"رف+تركيب+مفاتيح +مسامير+مواصلات","1","940.00","2026-03-28","2026-03-28"
"قطرات 50*18.74اوركابريد","1","937.00","2024-02-03","2024-02-03"
"مناديل حمام1*325+مناديل سحب1*285+كوبايات1*320","1","930.00","2024-05-19","2024-05-19"
"تحت حساب العيادة باقي شهر 3","1","925.00","2024-04-08","2024-04-08"
"كرتونتين محاليل","1","920.00","2026-09-16","2026-09-16"
"د سعيد نسبة 6 كشوفات 5*140+1*210","1","910.00","2025-09-04","2025-09-04"
"شاحن لاب للشروق+شاحن إضافي","1","905.00","2026-06-24","2026-06-24"
"اضافي الفنيين+هدير ال300 جنيه*2","1","900.00","2024-01-01","2024-01-01"
"باقي فحص تحويل محفظه","1","900.00","2025-07-05","2025-07-05"
"تحت حساب كوبايات مياه","1","900.00","2026-07-20","2026-07-20"
"د سغيد تحت حساب النسبه","1","900.00","2025-11-18","2025-11-18"
"صرف 9 ايام هدير","1","900.00","2024-05-22","2024-05-22"
"نسبة د سعيد شهر 5","1","900.00","2026-06-02","2026-06-02"
"نسبة د سعيد شهر10( 6 كشوفات +متابعة)","1","900.00","2025-11-02","2025-11-02"
"هارد+مواصلات","1","900.00","2026-07-08","2026-07-08"
"عصاير مارتن","1","880.00","2024-03-19","2024-03-19"
"ورق5 باكو*175","1","875.00","2024-09-19","2024-09-19"
"انستاباي مصطفى السعدني","1","865.00","2025-01-04","2025-01-04"
"تليفون بدون فاتورة محل","1","850.00","2024-02-14","2024-02-14"
"حبر طابعه / اسود و احمر بنتاكام","1","850.00","2024-12-21","2024-12-21"
"د السعدني مروة","1","850.00","2025-01-05","2025-01-05"
"داليا تم السداد","1","850.00","2025-10-11","2025-10-11"
"رواتر للمركز","1","850.00","2025-07-09","2025-07-09"
"صيانةطابعة","1","850.00","2024-08-13","2024-08-13"
"عدد23 قطرة تايمر","1","850.00","2024-11-24","2024-11-24"
"لمبات للمركز","1","840.00","2026-09-02","2026-09-02"
"منظفات للشروق","1","833.00","2026-06-22","2026-06-22"
"قماش+اوفر شوز+انتقالات","1","825.00","2025-01-27","2025-01-27"
"ابو يوسف / بنزين","1","800.00","2025-02-09","2025-02-09"
"ابو يوسف / بنزين و الدكتوره","1","800.00","2025-02-25","2025-02-25"
"بطارية يو بي اس","1","800.00","2024-04-24","2024-04-24"
"بنزين السعدني","1","800.00","2026-01-03","2026-01-03"
"تحت حساب حفلة الخطوبة","1","800.00","2026-02-08","2026-02-08"
"تعديل كهربا الصيدليه","1","800.00","2024-07-27","2024-07-27"
"عدد 32 قطرة بينوكس","1","800.00","2024-10-03","2024-10-03"
"فلورو تاتش2*350+الشحن","1","800.00","2025-05-12","2025-05-12"
"مناديل سخب و بكر","1","800.00","2025-11-04","2025-11-04"
"نمير شهر1 -8 عمليات","1","800.00","2024-02-14","2024-02-14"
"اضافي صافي شهر 2","1","786.00","2024-03-11","2024-03-11"
"فودافون8-9","1","780.00","2024-10-03","2024-10-03"
"كاتل","1","775.00","2024-12-07","2024-12-07"
"محلول19*40","1","760.00","2024-05-29","2024-05-29"
"اضافي صافي 85 ساعة","1","758.00","2024-02-10","2024-02-10"
"إضافي  شهر 9","1","754.00","2025-10-15","2025-10-15"
"ابويوسف-بوابة الجراج","1","750.00","2026-02-04","2026-02-04"
"اشتراك سنوي موقع دليلي ميديكال","1","750.00","2025-08-04","2025-08-04"
"الكشاف","1","750.00","2025-03-11","2025-03-11"
"انستا/تجديد اشتراك صفحة الضرايب","1","750.00","2026-04-23","2026-04-23"
"اوفر شوز50*10+بالطو للعاملة*250","1","750.00","2024-09-10","2024-09-10"
"تجديد اشتراك البوابة الاليكترونية عن طريق المكتب","1","750.00","2025-04-22","2025-04-22"
"صيانة الطابعة في الشروق(تغييرجزء خروج الورق)","1","750.00","2024-11-18","2024-11-18"
"فانوس وسلك","1","750.00","2026-02-12","2026-02-12"
"كتب د السعدني","1","750.00","2025-08-23","2025-08-23"
"مناديل+مواصلات","1","750.00","2024-09-12","2024-09-12"
"نت الشروق 6 و 7 و 8 (250*3)","1","750.00","2025-08-03","2025-08-03"
"إضافي شهر 8 مركز","1","742.00","2026-09-13","2026-09-13"
"كفر الشيخ dvr+مواصلات","1","730.00","2025-10-13","2025-10-13"
"الشروق اشعة","1","720.00","2026-03-04","2026-03-04"
"محاليل40*18","1","720.00","2025-02-16","2025-02-16"
"نسبة د سعيد شهر8","1","720.00","2026-09-01","2026-09-01"
"7 علب جوانتيات","1","700.00","2024-02-01","2024-02-01"
"ابويوسف /الدكتوره","1","700.00","2025-09-02","2025-09-02"
"اشتراك برنامج العياده شهر 8","1","700.00","2025-08-23","2025-08-23"
"بينوكس20*25+2 سيكلو فرين","1","700.00","2024-12-25","2024-12-25"
"ورق جرام80*5*130+مواصلات(650+40)","1","690.00","2025-05-07","2025-05-07"
"مرتب د كريم لميحتسب في بداية الشهر","1","660.00","2026-04-09","2026-04-09"
"طرد م السعدني","1","655.00","2024-09-03","2024-09-03"
"ابو يوسف/العربيه","1","650.00","2025-06-21","2025-06-21"
"اصلاح كرسي البنتا كام","1","650.00","2024-12-07","2024-12-07"
"كاتيل الشروق","1","650.00","2024-07-28","2024-07-28"
"م رضا","1","650.00","2025-07-19","2025-07-19"
"مناديل 2*325","1","650.00","2024-03-13","2024-03-13"
"اشعه تعاقد 2/ سكر","1","640.00","2024-12-17","2024-12-17"
"كجول16*40","1","640.00","2025-05-24","2025-05-24"
"اوفتابانتين21 علبة","1","635.00","2024-04-07","2024-04-07"
"ورق70 جرام5*120+مواصلات","1","635.00","2025-05-06","2025-05-06"
"صافي من حساب الاضافي","1","625.00","2024-04-15","2024-04-15"
"محاليل 2 كرتونة+توصيل","1","625.00","2026-03-24","2026-03-24"
"د السعدني فودافون","1","620.00","2025-03-05","2025-03-05"
"عدد4 علب شاش معقم مغلف*145+40 مواصلات","1","620.00","2024-06-02","2024-06-02"
"محاليل 2 كرتونة","1","620.00","2025-12-29","2025-12-29"
"نسبة د سعيد 4 كشوفات*140+كشف *60","1","620.00","2025-06-01","2025-06-01"
"اضافي د عمر حتى يصل النسبة والشفت 250","1","614.00","2024-07-01","2024-07-01"
"ادوات نافة","1","610.00","2025-07-22","2025-07-22"
"فودافون واورانج+دالسعدني","1","610.00","2025-02-04","2025-02-04"
"أبو يوسف / د السعدني دره","1","600.00","2025-10-11","2025-10-11"
"ابو يوسف / دره + بسطرمه","1","600.00","2025-12-28","2025-12-28"
"ابو يوسف / سكرتارية الجامعه","1","600.00","2024-12-17","2024-12-17"
"ابو يوسف طلبات للبيت","1","600.00","2024-12-11","2024-12-11"
"ابو يوسف/شنط د السعدني","1","600.00","2025-12-17","2025-12-17"
"اضافي الفنيين","1","600.00","2024-03-04","2024-03-04"
"ام محمود/تم السداد22-12","1","600.00","2024-01-14","2024-01-14"
"ستارة للباب مشمع","1","600.00","2024-08-06","2024-08-06"
"صافي تم سداد 500 متبقي 100","1","600.00","2025-07-05","2025-07-05"
"صافي ليوم 10-تم السداد من النسبة","1","600.00","2025-11-07","2025-11-07"
"طابعة د سعيد","1","600.00","2025-07-26","2025-07-26"
"طرابيزات","1","600.00","2024-03-19","2024-03-19"
"عدد 5 باكت ورق *120","1","600.00","2025-07-23","2025-07-23"
"قطرات30بينوكسيديا+30يونيسيكلومايد","1","600.00","2025-04-29","2025-04-29"
"نسبة د سعيد 4 كشوفات","1","600.00","2026-04-30","2026-04-30"
"مناديل 1*285+1*315","1","595.00","2024-04-28","2024-04-28"
"نسبة نورا","1","590.00","2025-07-12","2025-07-12"
"سويتش","1","565.00","2026-06-27","2026-06-27"
"تجديد كارنيهات هشام","1","550.00","2026-06-07","2026-06-07"
"تصليح كرسي العيادة(نغيير نجمة)","1","550.00","2025-05-06","2025-05-06"
"صيانة التكيف","1","550.00","2024-06-24","2024-06-24"
"صيانة كرسي د السعدني","1","550.00","2024-04-30","2024-04-30"
"كهربا330+باقي م.التامينات+العمولة","1","550.00","2025-11-18","2025-11-18"
"مشتريات د نجوى","1","550.00","2025-06-29","2025-06-29"
"موتور-ريشة للمروحة","1","550.00","2025-04-26","2025-04-26"
"نجمة بطقم عجل","1","550.00","2025-07-16","2025-07-16"
"نضارات / البنات","1","550.00","2026-01-06","2026-01-06"
"إضافي محمود وإسلام شهر 7","1","545.00","2025-08-14","2025-08-14"
"ازالة اليافطة","1","535.00","2024-10-06","2024-10-06"
"نوري 1200","1","525.00","2024-11-09","2024-11-09"
"ارضي بطرس من 9 حتي 4","1","520.00","2026-04-18","2026-04-18"
"السعدني كبسولات","1","520.00","2024-09-28","2024-09-28"
"اوفتابانتين *13","1","520.00","2026-01-20","2026-01-20"
"ورق 4 باكو*130 70 جرام","1","520.00","2024-01-03","2024-01-03"
"275 بلاطي / 240 مواصلات","1","515.00","2025-09-06","2025-09-06"
"ابن سينا+بالطوهات","1","515.00","2026-07-06","2026-07-06"
"بالطوهات +مواصلات مستحقة24-9","1","515.00","2026-09-16","2026-09-16"
"بالطوهات+ ابن سينا تاريخ 20/8","1","515.00","2026-08-15","2026-08-15"
"بالطوهات+ابن سينا مواصلات  240","1","515.00","2025-10-02","2025-10-02"
"كوبيات+مواصلات","1","510.00","2026-05-12","2026-05-12"
"مواصلات  أسبوعين 240/ بلاطي 275","1","510.00","2025-08-20","2025-08-20"
"اقلام ودفاتر+بالطوهات+انتقالات ابن سينا","1","505.00","2025-06-14","2025-06-14"
"ابو يوسف - الدكتورة","1","500.00","2024-02-18","2024-02-18"
"ابو يوسف ستات+طلبات د السعدني","1","500.00","2024-11-18","2024-11-18"
"ابويوسف-طلبات البيت","1","500.00","2026-06-28","2026-06-28"
"الجمعية","1","500.00","2024-01-03","2024-01-03"
"الجمعية د السعدني","1","500.00","2025-01-04","2025-01-04"
"الجمعية-محمد سلطتن","1","500.00","2025-03-02","2025-03-02"
"السعدني / لاب عمر","1","500.00","2024-06-03","2024-06-03"
"السعدني / نظارات","1","500.00","2025-02-25","2025-02-25"
"السعدني/كهربا","1","500.00","2025-10-27","2025-10-27"
"القاهرة تصليح الموتور","1","500.00","2026-07-09","2026-07-09"
"ايمان","1","500.00","2026-08-18","2026-08-18"
"ايمان طاهر لبكره / تم السداد","1","500.00","2025-09-08","2025-09-08"
"باقي عم سعيد شهر 7و8","1","500.00","2026-09-06","2026-09-06"
"تحت حساب باندانات هدير(10*50)","1","500.00","2025-06-24","2025-06-24"
"تصليح الشنطة ابويوسف","1","500.00","2025-03-25","2025-03-25"
"جمعية ا محمد سلطان","1","500.00","2026-05-05","2026-05-05"
"جمعية الرضوان د السعدني","1","500.00","2026-03-03","2026-03-03"
"جمعية محمد سلطان","1","500.00","2025-07-06","2025-07-06"
"د السعدني / بيت السريع-سداد من كفر الشيخ شهر10","1","500.00","2025-11-06","2025-11-06"
"د السعدني دوا/تم السداد ك","1","500.00","2024-09-11","2024-09-11"
"شهادات البنات","1","500.00","2025-05-20","2025-05-20"
"صافي لاول الشهر-60يوم11-8 باقي (700)","1","500.00","2025-03-08","2025-03-08"
"صافي ليوم 104-تم سداد300","1","500.00","2025-05-20","2025-05-20"
"صيانة طابعة","1","500.00","2025-06-11","2025-06-11"
"عصام-سلفة الإجمالي 2000 باقي السلفة مكتوب 1-6-25","1","500.00","2025-11-16","2025-11-16"
"لمبة+مفاتيح","1","500.00","2025-03-15","2025-03-15"
"م/فاطمة","1","500.00","2026-01-29","2026-01-29"
"محمود شلش صيانة كرسي اليونت","1","500.00","2025-10-07","2025-10-07"
"من الخزنه السعدني","1","500.00","2025-12-10","2025-12-10"
"نورا لاول الشهر/تم السداد","1","500.00","2025-04-29","2025-04-29"
"هدير حتى يوم 10/تم السداد","1","500.00","2024-07-01","2024-07-01"
"عدستين الكون شهرية","1","485.00","2025-08-24","2025-08-24"
"كحول 12 ازازه","1","480.00","2025-09-25","2025-09-25"
"محلول 12*40","1","480.00","2024-01-21","2024-01-21"
"صيانة الطابعة","1","475.00","2026-07-02","2026-07-02"
"أبو يوسف/ دره بسطرمه","1","465.00","2026-01-25","2026-01-25"
"السعدني / انستا","1","460.00","2025-07-21","2025-07-21"
"زيادة من الشروق/انستا","1","460.00","2025-09-17","2025-09-17"
"ناقص السفت التاني","1","460.00","2026-01-28","2026-01-28"
"ابو يوسف (لبن+بنزين)","1","450.00","2024-07-24","2024-07-24"
"اتصالات كاش السعدني","1","450.00","2025-08-17","2025-08-17"
"باقي القماش","1","450.00","2024-09-22","2024-09-22"
"بينوكس 15*30","1","450.00","2025-08-17","2025-08-17"
"جبن للدكتورة","1","450.00","2026-05-20","2026-05-20"
"رول طباعة م سعاد","1","450.00","2025-05-10","2025-05-10"
"صيانة طابعة م سعاد","1","450.00","2024-09-08","2024-09-08"
"عمولة دفع التأمينات","1","450.00","2025-01-05","2025-01-05"
"كيبورد وكابلات للاب د السعدني","1","450.00","2025-05-06","2025-05-06"
"مرتج كشف من انستا باي مصطفى السعدني","1","450.00","2025-10-01","2025-10-01"
"مرتجع كشف ا/نفيسة/تحويل كاش مروة","1","450.00","2024-12-26","2024-12-26"
"مرتجع كشف دالسعدني محمد سيد","1","450.00","2025-01-28","2025-01-28"
"منظفات/خصم6 جنيه","1","450.00","2025-05-05","2025-05-05"
"صرف فرق الزيادة السنوية محمود الفني","1","448.00","2025-03-29","2025-03-29"
"أكياس للعمليات ومنظفات","1","430.00","2026-01-14","2026-01-14"
"بالطوهات+مواصلات بن سينا+العلاج الحر","1","420.00","2026-04-19","2026-04-19"
"د سعيد 3 كشوفات شهر ابريل طنطا","1","420.00","2025-05-04","2025-05-04"
"عدد21*20 بينوكس","1","420.00","2024-03-23","2024-03-23"
"كحول 12*35","1","420.00","2024-02-03","2024-02-03"
"نسبة كشف د سعيد3 كشوفات","1","420.00","2025-03-27","2025-03-27"
"كوبايات+مواصلات","1","410.00","2025-06-19","2025-06-19"
"أبو يوسف-د السعدني","1","400.00","2026-02-01","2026-02-01"
"ابو يوسف الدكتوره","1","400.00","2024-11-07","2024-11-07"
"ابو يوسف/الدكتورة","1","400.00","2024-06-11","2024-06-11"
"جاد مقصين","1","400.00","2024-01-27","2024-01-27"
"جردل+مساحة+شرشوبة+علب شاور","1","400.00","2026-08-31","2026-08-31"
"د سعيد نسبة 4 كشوفات2*140+2*60(خصم)","1","400.00","2025-07-31","2025-07-31"
"عاملة نظافة الشروق يومين","1","400.00","2026-08-26","2026-08-26"
"عدد20 دراع قماش لجهاز الليزر","1","400.00","2024-03-10","2024-03-10"
"فرق سعر مشرط الصواف","1","400.00","2025-09-02","2025-09-02"
"كوبايات بلاستك1*360+انتقالات","1","400.00","2024-07-11","2024-07-11"
"كوبايات+ 40 مواصلات","1","400.00","2024-08-06","2024-08-06"
"مرتجع لحالة","1","400.00","2026-08-26","2026-08-26"
"مصطفى طه/تم السداد10-6","1","400.00","2025-06-04","2025-06-04"
"من الصندوق","1","400.00","2025-10-20","2025-10-20"
"ارضي الشروق من 11 حتي 4","1","390.00","2026-04-18","2026-04-18"
"فودافون د السعدني","1","390.00","2024-11-05","2024-11-05"
"وفودافون+د السعدني","1","385.00","2024-06-05","2024-06-05"
"باقي المناديل والمستلزمات+120 مواصلات","1","380.00","2026-02-23","2026-02-23"
"قطرات توسيع د محمد","1","380.00","2024-09-01","2024-09-01"
"باور الكاميرا","1","375.00","2025-02-05","2025-02-05"
"ادبتور+مواصلات","1","365.00","2025-05-18","2025-05-18"
"عدد 10اوبتي بريد*36.5","1","365.00","2024-01-24","2024-01-24"
"اشعة انستاباي","1","360.00","2025-07-19","2025-07-19"
"حساب ماوس وكيبورد حسن فايد","1","360.00","2025-12-29","2025-12-29"
"قطراتبينوكس12*30","1","360.00","2026-07-06","2026-07-06"
"الدكتورة+بسطرمة","1","350.00","2026-05-17","2026-05-17"
"السعدني / اوردر","1","350.00","2025-09-02","2025-09-02"
"باور بنك","1","350.00","2025-04-22","2025-04-22"
"تحت حساب جزامة","1","350.00","2025-05-22","2025-05-22"
"داليا عجز","1","350.00","2026-08-12","2026-08-12"
"رسوم التأمينات+عمولة سداد","1","350.00","2025-09-16","2025-09-16"
"شاور/منظفات","1","350.00","2025-08-20","2025-08-20"
"صافي غدا","1","350.00","2025-04-05","2025-04-05"
"صافي ليوم 10","1","350.00","2025-08-04","2025-08-04"
"صيانة باب اوضة البنات","1","350.00","2026-06-25","2026-06-25"
"صيانة يونت عيادة 2","1","350.00","2025-06-18","2025-06-18"
"عمولة تأمينات+مشوار","1","350.00","2025-06-24","2025-06-24"
"لمبة بروجيكتور الشروق","1","350.00","2026-04-05","2026-04-05"
"لمبة للبروجكتور عيادة الشروق","1","350.00","2025-02-16","2025-02-16"
"انترنت ش","1","340.00","2026-03-03","2026-03-03"
"ارضي بطرس و الشروق 5 و 6 و 7 (60*3)*2","1","330.00","2025-08-03","2025-08-03"
"عدد11 قطرة سيكلو بلجيكا*30","1","330.00","2025-11-04","2025-11-04"
"الشروق تعاقد","1","320.00","2024-04-22","2024-04-22"
"حساب سن كانيولا 2*140+40مواصلات","1","320.00","2026-01-04","2026-01-04"
"كوبايات كرتونة","1","320.00","2024-01-02","2024-01-02"
"شحن كهرباء","1","310.00","2024-04-02","2024-04-02"
"فرق نسبة الكشف العياده","1","310.00","2026-05-20","2026-05-20"
"اضافي صافي شهر 4","1","308.00","2024-05-18","2024-05-18"
"ماوس وكيبورد","1","305.00","2024-10-15","2024-10-15"
"أبو عمر/obd","1","300.00","2026-01-13","2026-01-13"
"ابو يوسف جبنه","1","300.00","2025-12-22","2025-12-22"
"ابو يوسف حجارة","1","300.00","2025-11-16","2025-11-16"
"ابو يوسف دهان البرجولا","1","300.00","2025-04-30","2025-04-30"
"ابويوسف بلاستكات للمركز","1","300.00","2025-03-15","2025-03-15"
"اضافي هدير","1","300.00","2024-02-03","2024-02-03"
"ام محمود-سداد300 يوم14-12","1","300.00","2025-10-29","2025-10-29"
"ايمان طاهر غدا","1","300.00","2026-01-27","2026-01-27"
"ايمان ياسر يستردو غدا","1","300.00","2025-10-28","2025-10-28"
"بطارية","1","300.00","2025-09-10","2025-09-10"
"تحت حساب الافطار لطاهر","1","300.00","2026-03-01","2026-03-01"
"حساب 3 حالات فيمتو -حالتين سابقين","1","300.00","2026-04-06","2026-04-06"
"حساب مقابض العيادة ابو يوسف","1","300.00","2025-02-09","2025-02-09"
"د السعدني اوردر","1","300.00","2025-08-16","2025-08-16"
"صافي لاول الشهر/تم السداد","1","300.00","2024-07-23","2024-07-23"
"صافي/تم السداد17-6","1","300.00","2025-06-14","2025-06-14"
"كرتونة كوبيات","1","300.00","2024-09-18","2024-09-18"
"كروكسات للتمريض","1","300.00","2024-01-20","2024-01-20"
"مشوار جهاز الفاكو-القاهرة","1","300.00","2026-06-27","2026-06-27"
"مصطفى السعدني بساطه","1","300.00","2024-09-09","2024-09-09"
"معطر 5*60","1","300.00","2024-05-08","2024-05-08"
"مكنة حمام البنات","1","300.00","2026-08-23","2026-08-23"
"نضارة حريمي تبع مصطفى السعدني","1","300.00","2025-04-24","2025-04-24"
"نوري 300","1","300.00","2025-02-01","2025-02-01"
"نوري 3150","1","300.00","2024-11-24","2024-11-24"
"سوبرماركت","1","295.00","2025-08-27","2025-08-27"
"مصطفى السعدني طرد","1","290.00","2024-06-02","2024-06-02"
"مشمع للعمليات","1","280.00","2024-09-29","2024-09-29"
"بلاطي","1","275.00","2025-06-26","2025-06-26"
"طنطا - (65 شاي+210 صيانة فلتر)","1","275.00","2024-07-04","2024-07-04"
"م.رضا-سداد125يوم1-11","1","275.00","2025-10-06","2025-10-06"
"اسدال للبنات في الشروق","1","270.00","2024-01-01","2024-01-01"
"لمبات كهرباء","1","265.00","2025-10-30","2025-10-30"
"اضافي د سما حتي يصل مرتب الشفت 250","1","260.00","2024-01-13","2024-01-13"
"اطباق وشوك وكوبايات للفطار","1","260.00","2024-03-17","2024-03-17"
"اوفر شوز*4+مواصلات","1","260.00","2024-07-02","2024-07-02"
"باقي شراءالطرح والواصلات","1","260.00","2024-10-22","2024-10-22"
"مواصلات ابن سينا حتى 08/05+حالة فيمتو","1","260.00","2025-05-04","2025-05-04"
"جولد اي 455","1","255.00","2025-07-03","2025-07-03"
"-السقالة-تغيير التكييف","1","250.00","2026-07-13","2026-07-13"
"أبو يوسف 5-9","1","250.00","2026-09-06","2026-09-06"
"ابو يوسف /كشف عربية","1","250.00","2025-07-22","2025-07-22"
"ابو يوسف الدكتوره-مفحمة وعيش","1","250.00","2025-01-22","2025-01-22"
"اضافي د عمر الشفت بالنسبة 250","1","250.00","2024-03-19","2024-03-19"
"السعدني/قران","1","250.00","2025-01-11","2025-01-11"
"الشناوي/تم السداد","1","250.00","2025-05-18","2025-05-18"
"الطابعة/صيانة","1","250.00","2024-09-16","2024-09-16"
"د السعدني أبو يوسف","1","250.00","2025-09-28","2025-09-28"
"صيانة كالون باب المركز بطرس","1","250.00","2025-03-13","2025-03-13"
"صيانة كوالين الباب والشباك بطرس","1","250.00","2025-12-20","2025-12-20"
"عمولة دفع 20000 تأمينات","1","250.00","2025-10-19","2025-10-19"
"كروكسين","1","250.00","2024-09-10","2024-09-10"
"م/رضا/سداد200-10-9","1","250.00","2025-08-09","2025-08-09"
"ماوس وايرلس","1","250.00","2025-06-21","2025-06-21"
"مكافاءة يافطة المعرض","1","250.00","2024-11-30","2024-11-30"
"هدير/تم السداد10-4","1","250.00","2024-10-10","2024-10-10"
"ابن سينا","1","240.00","2025-11-29","2025-11-29"
"تحليل ميتوميسن","1","240.00","2026-08-24","2026-08-24"
"قهوة+2 شاي+ك سكر","1","240.00","2025-03-19","2025-03-19"
"مشترك للاوتوريف","1","240.00","2025-07-27","2025-07-27"
"مفاتيح6 للباب وغرفة","1","240.00","2026-09-08","2026-09-08"
"ميدرابيد 5 علب","1","240.00","2025-05-27","2025-05-27"
"ساقع+اكرامية للزجاج","1","235.00","2026-08-16","2026-08-16"
"شفت ونص لهدير (فني) شفت يوم 24-3+نص شفت25-3","1","234.00","2025-03-25","2025-03-25"
"إضافي داليا شهر 7","1","231.00","2025-08-14","2025-08-14"
"باقي عصير","1","230.00","2026-03-04","2026-03-04"
"فاتورة مياة","1","230.00","2026-07-22","2026-07-22"
"كابل باور 2 الشروق","1","230.00","2025-10-16","2025-10-16"
"كفر موبايل د السعدني","1","225.00","2025-07-22","2025-07-22"
"لمبة للاستقبال","1","225.00","2025-08-19","2025-08-19"
"لمبة للعيادة الاولى","1","225.00","2024-04-21","2024-04-21"
"نوري 1800","1","225.00","2024-12-14","2024-12-14"
"نوري 3450","1","225.00","2024-11-26","2024-11-26"
"نوري 750","1","225.00","2025-02-06","2025-02-06"
"نوري1950","1","225.00","2024-10-21","2024-10-21"
"نوري3750","1","225.00","2024-11-30","2024-11-30"
"تحت حساب توكيلات د السعدني","1","220.00","2024-07-30","2024-07-30"
"سليكون للحوض+دليفري","1","220.00","2025-11-12","2025-11-12"
"طنطا/ مكواه","1","220.00","2024-11-07","2024-11-07"
"قطرات بينوكس","1","220.00","2026-02-15","2026-02-15"
"كالون درج الاستقبال-الخزنة","1","220.00","2026-06-29","2026-06-29"
"ماسكات","1","220.00","2025-09-30","2025-09-30"
"ماوس اوتوريف","1","220.00","2025-09-06","2025-09-06"
"من حساب مواصلات ابن سينا","1","215.00","2026-04-16","2026-04-16"
"د عمر(فرق المرتب 500-290)","1","210.00","2024-05-29","2024-05-29"
"طنطا / نت الشروق","1","205.00","2024-11-02","2024-11-02"
"مستلزمات للشروق","1","205.00","2025-02-04","2025-02-04"
"نت الشروق داليا","1","205.00","2024-01-27","2024-01-27"
"أبو يوسف غسيل العربيه","1","200.00","2025-08-16","2025-08-16"
"ابو يوسف شراء بسطرمة","1","200.00","2024-03-09","2024-03-09"
"ابو يوسف/الدكتوره/تم ك","1","200.00","2024-09-17","2024-09-17"
"ابو يوسف/تم السداد ك","1","200.00","2024-09-14","2024-09-14"
"اكراميةالزجاج","1","200.00","2026-08-24","2026-08-24"
"السعدني / عم اشرف","1","200.00","2025-07-26","2025-07-26"
"الشناوي-سداد9-10","1","200.00","2025-10-05","2025-10-05"
"تحت حساب درج الاستقيال","1","200.00","2025-06-26","2025-06-26"
"تحت حساب شاي وسكر","1","200.00","2025-04-27","2025-04-27"
"تحت حساب كوبيات الشروق","1","200.00","2026-06-22","2026-06-22"
"تركيب بانر","1","200.00","2026-09-05","2026-09-05"
"جولد","1","200.00","2025-07-14","2025-07-14"
"جولد ايز","1","200.00","2025-08-13","2025-08-13"
"د السعدني ابو يوسف الارض تم","1","200.00","2024-10-12","2024-10-12"
"د بسمة","1","200.00","2026-01-29","2026-01-29"
"دالسعدني تمريض دار القمة","1","200.00","2024-04-18","2024-04-18"
"دسعيد/تم1-12","1","200.00","2024-11-17","2024-11-17"
"ساره -سداد يوم11-10","1","200.00","2025-08-04","2025-08-04"
"ساره ليوم 10","1","200.00","2025-02-08","2025-02-08"
"شاي +علب يوم الفطار","1","200.00","2024-03-20","2024-03-20"
"صافي يوم 10","1","200.00","2026-02-05","2026-02-05"
"صافي-سداد 100 يوم10-12","1","200.00","2025-10-29","2025-10-29"
"صافي-سداد10-12","1","200.00","2025-11-23","2025-11-23"
"صافي/تمالسداد10-6","1","200.00","2025-06-04","2025-06-04"
"صنايعية الشروق نقل النعقيم والتبكيت","1","200.00","2025-10-06","2025-10-06"
"صيانة السيرفر","1","200.00","2025-03-11","2025-03-11"
"صيانة تكييف العيادات-الكباس محروق","1","200.00","2026-06-29","2026-06-29"
"صيانة حمام وكييفات الشروق","1","200.00","2025-02-02","2025-02-02"
"صيانة كرسي المكتب","1","200.00","2026-06-08","2026-06-08"
"صيانة مراوح","1","200.00","2024-04-24","2024-04-24"
"طرد د سعيد","1","200.00","2025-06-17","2025-06-17"
"عاملة تنظيف","1","200.00","2026-08-18","2026-08-18"
"عصام سلفة","1","200.00","2026-01-08","2026-01-08"
"عيون الشروق1000كارت","1","200.00","2025-01-16","2025-01-16"
"قلب كالون بطرس الباب التاني","1","200.00","2026-06-11","2026-06-11"
"كالون","1","200.00","2024-03-05","2024-03-05"
"م/رضا سلفة/تم","1","200.00","2025-05-06","2025-05-06"
"مرتجع كشف حمزة إبراهيم","1","200.00","2026-03-15","2026-03-15"
"مقدم 1000 كارت نضارة","1","200.00","2025-01-06","2025-01-06"
"ميادة","1","200.00","2024-01-14","2024-01-14"
"هدير اضافي الفنيين","1","200.00","2025-03-12","2025-03-12"
"هدير خدتهم من الشروق","1","200.00","2026-09-09","2026-09-09"
"سكر وشاي الشروق","1","195.00","2025-07-16","2025-07-16"
"اظرف","1","190.00","2025-03-12","2025-03-12"
"قطرة اوفتابانتين3/190","1","190.00","2025-05-12","2025-05-12"
"مرتجع قطرات يوم الاحد22-7/رامي","1","190.00","2025-06-24","2025-06-24"
"اضافي صافي شهر 5","1","187.00","2024-06-12","2024-06-12"
"بريل ومنظفات الشروق","1","185.00","2026-02-10","2026-02-10"
"شاي ومطرات","1","185.00","2024-04-14","2024-04-14"
"فرق نسبة كشف العياده","1","185.00","2026-05-20","2026-05-20"
"شاي وسكر ومنفات الشروق","1","183.00","2024-05-20","2024-05-20"
"حساب يوم إضافي ايمان طاهر","1","180.00","2026-01-14","2026-01-14"
"سم فيران","1","180.00","2026-02-24","2026-02-24"
"طقم الانكيه","1","180.00","2026-03-03","2026-03-03"
"مواصلات  ابن سينا+كوبايات+بادة ماوس+مشترك","1","180.00","2025-06-17","2025-06-17"
"اوفو1020","1","170.00","2025-01-26","2025-01-26"
"اوفو425","1","170.00","2024-12-09","2024-12-09"
"اوفو510","1","170.00","2025-01-11","2025-01-11"
"تصليح الحمام","1","170.00","2025-12-16","2025-12-16"
"شحن انجكتور اسكندرية","1","170.00","2026-05-18","2026-05-18"
"مرتجع قطرات حبيبة أبو العز","1","170.00","2025-09-16","2025-09-16"
"ربع شاي و3 ك سكر","1","166.00","2025-04-10","2025-04-10"
"شاي وسكر وشاي اخضر","1","165.00","2024-08-22","2024-08-22"
"حجاير4*40","1","160.00","2024-07-17","2024-07-17"
"سكر 3ك+شاي/الشروق","1","160.00","2025-04-07","2025-04-07"
"شفت  الشروق","1","160.00","2025-12-17","2025-12-17"
"شفت فني 2-7 بديلا للفني","1","160.00","2025-07-02","2025-07-02"
"شفتالاتني6-10","1","160.00","2025-10-06","2025-10-06"
"فوط وكوبيات","1","160.00","2024-09-02","2024-09-02"
"فيمتو+مواصلات","1","160.00","2026-04-29","2026-04-29"
"مواصلات  مرتين ابن سينا+مرتين تصليح الشاشة","1","160.00","2025-03-05","2025-03-05"
"مواصلات 3 مرات ابن سينا+عمر الفاطمية","1","160.00","2024-11-23","2024-11-23"
"مواصلات ابن سينا 4 مرات","1","160.00","2025-07-08","2025-07-08"
"مواصلات ابن سينا حتى22-4","1","160.00","2025-04-20","2025-04-20"
"شفت فني الاتنين28-4","1","158.00","2025-04-28","2025-04-28"
"شفت فني الاتنين26-5","1","156.00","2025-05-25","2025-05-25"
"شفت فني الاربعاء30-4","1","156.00","2025-04-30","2025-04-30"
"شفت فني الثلاثاء10-6","1","156.00","2025-06-10","2025-06-10"
"شفت فني يوم 7-4","1","156.00","2025-04-07","2025-04-07"
"شفت فني2-6","1","156.00","2025-06-02","2025-06-02"
"هدير شفت فني30-6","1","156.00","2025-06-30","2025-06-30"
"سكر3+شاي الشروق","1","155.00","2026-08-04","2026-08-04"
"شفت  الاتنين18-8","1","155.00","2025-08-18","2025-08-18"
"شفت 10-9/عدم وجود فني يوم الأربعاء","1","155.00","2025-09-10","2025-09-10"
"شفت الفني -ه","1","155.00","2026-01-19","2026-01-19"
"شفت ر","1","155.00","2025-12-22","2025-12-22"
"شفت صافي فني","1","155.00","2025-12-15","2025-12-15"
"شفت صافي فني الاتنين15-9","1","155.00","2025-09-15","2025-09-15"
"شفت فني /ه","1","155.00","2026-02-09","2026-02-09"
"شفت فني الاتنين4-8","1","155.00","2025-08-04","2025-08-04"
"شفت فني يوم 3-4","1","155.00","2025-04-14","2025-04-14"
"شفت فني يوم الاتنين","1","155.00","2026-06-08","2026-06-08"
"شفت فني يوم الاتنين14-7","1","155.00","2025-07-14","2025-07-14"
"شفت فني يوم لتنين23-6","1","155.00","2025-06-23","2025-06-23"
"شفت فني1-7 بديلا للفني","1","155.00","2025-07-01","2025-07-01"
"شفت هدير","1","155.00","2026-07-27","2026-07-27"
"قهوة السعدني","1","155.00","2025-12-21","2025-12-21"
"هدير شفت 28-7","1","155.00","2025-07-29","2025-07-29"
"أبو يوسف / د السعدني","1","150.00","2025-11-02","2025-11-02"
"أبو يوسف الدكتورة","1","150.00","2025-08-27","2025-08-27"
"أبو يوسف بسطرمه","1","150.00","2025-11-23","2025-11-23"
"ابن سينا ودالصواف","1","150.00","2025-01-28","2025-01-28"
"ابو يوسف بسطرمه","1","150.00","2025-12-04","2025-12-04"
"ابو يوسف/الدكتوره","1","150.00","2025-05-31","2025-05-31"
"ابو يوسف/دوا د السعدني","1","150.00","2025-07-23","2025-07-23"
"تركيب يافطة السلم","1","150.00","2024-10-17","2024-10-17"
"تروسيكل","1","150.00","2025-10-01","2025-10-01"
"حداد","1","150.00","2024-09-11","2024-09-11"
"ريشة مروحة مصطفى السعدني","1","150.00","2025-05-18","2025-05-18"
"سكر4 ك","1","150.00","2025-07-23","2025-07-23"
"شاي/سكر/شاي اخضر","1","150.00","2024-10-27","2024-10-27"
"شحن عدسات","1","150.00","2026-06-02","2026-06-02"
"صيانةجهاز الضغط","1","150.00","2025-04-12","2025-04-12"
"طرد أبو عمر","1","150.00","2026-05-16","2026-05-16"
"طه التأمينات+مواصلات الصواف مرتين","1","150.00","2025-01-16","2025-01-16"
"قهوه","1","150.00","2025-12-31","2025-12-31"
"كابلات","1","150.00","2026-01-08","2026-01-08"
"مرتجع كشف","1","150.00","2024-09-05","2024-09-05"
"مسند كرسي العيادة","1","150.00","2024-05-30","2024-05-30"
"نوري 2250","1","150.00","2024-10-24","2024-10-24"
"نوري 375","1","150.00","2025-04-13","2025-04-13"
"هدير/تم السداد1-6","1","150.00","2025-05-28","2025-05-28"
"إضافي داليا","1","146.00","2025-09-10","2025-09-10"
"شاي احمر و اخضر","1","143.00","2024-12-15","2024-12-15"
"باقي ورق الطباعة","1","140.00","2026-06-24","2026-06-24"
"تحت حساب كوبايات للشروق","1","140.00","2024-08-26","2024-08-26"
"لمبة +كيروكس","1","140.00","2026-06-01","2026-06-01"
"مجرى للدرج استقبال+انتقالات","1","140.00","2024-08-22","2024-08-22"
"نسبة كشف د سعيد","1","140.00","2025-03-12","2025-03-12"
"تصليح كاسيت الشروق","1","130.00","2026-07-28","2026-07-28"
"شاي+2ك سكر","1","130.00","2025-07-02","2025-07-02"
"سباكة","1","125.00","2026-07-04","2026-07-04"
"شاي و سكر","1","125.00","2025-10-18","2025-10-18"
"شاي وسكر بطرس","1","125.00","2026-03-30","2026-03-30"
"ماوس","1","125.00","2025-05-06","2025-05-06"
"استخراج سجل تجاري","1","120.00","2024-07-28","2024-07-28"
"اوفو960","1","120.00","2024-08-25","2024-08-25"
"تقفيل مواصلات ابن سينا+ الادوات المكتبية","1","120.00","2025-03-12","2025-03-12"
"شاي وسكر ومنظفات","1","120.00","2026-09-14","2026-09-14"
"شاي ومياه وسكر","1","120.00","2024-01-13","2024-01-13"
"شعاع360 تم دمجها مع اوفو","1","120.00","2024-05-27","2024-05-27"
"شعاع780","1","120.00","2024-09-21","2024-09-21"
"فاتورةمياه","1","120.00","2024-07-17","2024-07-17"
"منظفات+كوريكتور","1","120.00","2024-11-11","2024-11-11"
"مواصلات  بن سينا 3 مرات","1","120.00","2024-12-21","2024-12-21"
"مواصلات  مرتين ابنسينا+باور الكاميرا","1","120.00","2025-02-05","2025-02-05"
"وصل مياة","1","119.00","2024-05-16","2024-05-16"
"وصل مياه","1","119.00","2024-10-19","2024-10-19"
"السعدني / قهوه","1","118.00","2024-11-02","2024-11-02"
"شاي و2سكر الشروق","1","117.00","2024-12-30","2024-12-30"
"شاي وسكر وخل","1","116.00","2024-05-08","2024-05-08"
"المركز فودافون","1","115.00","2025-03-05","2025-03-05"
"شهادة مخالفات د السعدني","1","115.00","2025-10-12","2025-10-12"
"كلور","1","112.00","2024-06-10","2024-06-10"
"شاي الشروق وبطرس","1","110.00","2024-02-24","2024-02-24"
"شاي بطرس+ الشروق","1","110.00","2024-01-30","2024-01-30"
"مصطفى السعدني ابو يوسف","1","110.00","2024-09-14","2024-09-14"
"إضافي هدير شهر 7","1","101.00","2025-08-14","2025-08-14"
"اساتك واظرف 60+40مواصلات ابن سينا","1","100.00","2025-02-17","2025-02-17"
"اصلاح كرسي جلد","1","100.00","2024-01-09","2024-01-09"
"اضافي د عمر حتي يصل الشفت200","1","100.00","2024-01-21","2024-01-21"
"اكرامية عماد توصيل العدسات","1","100.00","2025-11-15","2025-11-15"
"العداد","1","100.00","2026-01-25","2026-01-25"
"ام محمود/تم السداد","1","100.00","2025-06-01","2025-06-01"
"باقي المنظفات","1","100.00","2026-04-29","2026-04-29"
"باقي صيانة التكييف","1","100.00","2026-01-29","2026-01-29"
"بطاريات 4 قلم 4 ريموت","1","100.00","2024-06-01","2024-06-01"
"تركيب حنفية الشروق","1","100.00","2025-01-15","2025-01-15"
"تصليح الدش","1","100.00","2025-12-27","2025-12-27"
"تصليح الكاتل","1","100.00","2024-03-20","2024-03-20"
"تصليح تليفون الشروق","1","100.00","2026-06-03","2026-06-03"
"جرايد","1","100.00","2026-09-07","2026-09-07"
"جولد اي 300","1","100.00","2024-01-17","2024-01-17"
"جولد اي100","1","100.00","2024-09-01","2024-09-01"
"جولد اي300","1","100.00","2024-09-14","2024-09-14"
"جولد اي400","1","100.00","2024-09-24","2024-09-24"
"جولد اي500","1","100.00","2024-10-09","2024-10-09"
"جولد اي600","1","100.00","2024-10-12","2024-10-12"
"جولد اي700","1","100.00","2024-10-23","2024-10-23"
"جولد ايز200","1","100.00","2024-09-08","2024-09-08"
"جولدز اي 600","1","100.00","2024-05-24","2024-05-24"
"حالة صفاء 14-4","1","100.00","2026-04-14","2026-04-14"
"حالة فيمتو السبت 25-7","1","100.00","2026-08-04","2026-08-04"
"رضا-تم السداد1-10","1","100.00","2025-09-15","2025-09-15"
"رضا-سداد من صنوق12","1","100.00","2025-12-18","2025-12-18"
"سارة/تم السداد من الاضافي11-11","1","100.00","2024-11-07","2024-11-07"
"سكر+صابون","1","100.00","2026-04-18","2026-04-18"
"سكر2*50","1","100.00","2024-04-22","2024-04-22"
"سكرالشروق3ك","1","100.00","2024-09-17","2024-09-17"
"سيفون حمام","1","100.00","2025-07-26","2025-07-26"
"شاي+سكر","1","100.00","2024-04-27","2024-04-27"
"صافي لاول الشهر-تم 11-8","1","100.00","2024-12-28","2024-12-28"
"صافي لاول الشهر/تم السداد10-11","1","100.00","2024-09-28","2024-09-28"
"صافي لبكره","1","100.00","2026-02-28","2026-02-28"
"صافي من المرتب","1","100.00","2026-05-23","2026-05-23"
"صافي/تم السداد10-12","1","100.00","2024-11-27","2024-11-27"
"صافي/تم السداد4-11","1","100.00","2024-10-22","2024-10-22"
"صيانة تكييفات الشروق","1","100.00","2025-07-14","2025-07-14"
"صيانة تكييفات-الشروق","1","100.00","2024-08-14","2024-08-14"
"صيانة كهرباء الشروق","1","100.00","2026-06-29","2026-06-29"
"صيانة لمبات عمليات الشروق/باقي اليومية التانية الدرج مقفول","1","100.00","2025-10-28","2025-10-28"
"صيانه سخان الشروق","1","100.00","2025-11-25","2025-11-25"
"طابعه استقبال","1","100.00","2024-02-17","2024-02-17"
"طه /تم31-10","1","100.00","2024-10-26","2024-10-26"
"طه التأمينات","1","100.00","2025-08-20","2025-08-20"
"عدد 2 ك سكر*50","1","100.00","2024-01-30","2024-01-30"
"عماد -إيداع المشارط","1","100.00","2026-04-26","2026-04-26"
"فيمتو 26-8","1","100.00","2026-09-01","2026-09-01"
"فيمتو-يوم تحويل الفرق11-7","1","100.00","2026-07-19","2026-07-19"
"فيمتو/","1","100.00","2025-09-02","2025-09-02"
"فيمتو/ الفيمتو","1","100.00","2025-05-10","2025-05-10"
"ك الشيخ/مصطفى","1","100.00","2024-11-25","2024-11-25"
"كروكس","1","100.00","2024-01-10","2024-01-10"
"كروكس 100 طه","1","100.00","2024-01-17","2024-01-17"
"كفر الشيخ.","1","100.00","2024-12-07","2024-12-07"
"كفر الشيخ/","1","100.00","2024-11-30","2024-11-30"
"كفرالشيخ","1","100.00","2024-09-12","2024-09-12"
"كهرباء الصفوة","1","100.00","2024-05-04","2024-05-04"
"لمبات مدخل","1","100.00","2026-01-21","2026-01-21"
"م .فيمتو","1","100.00","2025-06-30","2025-06-30"
"مصطفى السعدني/تحاليل الدكتوره","1","100.00","2025-07-29","2025-07-29"
"مواصلات  مرتين مستلزمات+مرة الصواف","1","100.00","2024-08-14","2024-08-14"
"مواصلات الفيمتو","1","100.00","2026-06-27","2026-06-27"
"مواصلات ط ٤ مرات","1","100.00","2026-03-01","2026-03-01"
"هدير-سداد9-10","1","100.00","2025-09-07","2025-09-07"
"هدير/تم السداد","1","100.00","2024-11-23","2024-11-23"
"سكر وملح وخل","1","96.00","2024-12-03","2024-12-03"
"عدد 2 ك سكر*48","1","96.00","2024-02-10","2024-02-10"
"سباكة حمام المرضى بطرس","1","95.00","2025-09-14","2025-09-14"
"شاي اخضر+معطرات","1","95.00","2024-01-07","2024-01-07"
"ضيافة","1","95.00","2025-01-16","2025-01-16"
"أقلام","1","90.00","2025-09-08","2025-09-08"
"النخبة","1","90.00","2026-03-04","2026-03-04"
"باقي مشتريات جوانتيات+مواصلات","1","90.00","2026-02-03","2026-02-03"
"شاي الشروق","1","90.00","2024-11-25","2024-11-25"
"كوبيات","1","90.00","2025-05-11","2025-05-11"
"لزق دابل فيس","1","90.00","2024-05-11","2024-05-11"
"مجري الدرج","1","90.00","2024-06-05","2024-06-05"
"الشروق2ك سكر","1","88.00","2024-01-07","2024-01-07"
"شاي +سكر","1","86.00","2025-05-20","2025-05-20"
"اوفو 85","1","85.00","2025-02-02","2025-02-02"
"اوفو205","1","85.00","2024-11-13","2024-11-13"
"اوفو290","1","85.00","2024-11-17","2024-11-17"
"اوفو340","1","85.00","2025-01-08","2025-01-08"
"اوفو375","1","85.00","2024-11-30","2024-11-30"
"اوفو85","1","85.00","2024-12-01","2024-12-01"
"اوفو935","1","85.00","2024-12-29","2024-12-29"
"زايد 85","1","85.00","2024-11-09","2024-11-09"
"سكر 3 ك","1","85.00","2025-12-30","2025-12-30"
"شعاع325","1","85.00","2024-11-14","2024-11-14"
"علبة دبابيس","1","85.00","2025-11-25","2025-11-25"
"كريزي","1","85.00","2025-01-07","2025-01-07"
"بالطو","1","80.00","2024-10-24","2024-10-24"
"بطاريات للعيادة الشروق","1","80.00","2024-02-05","2024-02-05"
"جولد اي 160","1","80.00","2024-11-07","2024-11-07"
"سكر+خل","1","80.00","2026-05-06","2026-05-06"
"طه-سداد10-12","1","80.00","2025-12-09","2025-12-09"
"عصير للحالات","1","80.00","2024-10-06","2024-10-06"
"كتافلام-د السعدني","1","80.00","2026-07-04","2026-07-04"
"مواصلا  ابن سينا الأسبوعية","1","80.00","2025-05-14","2025-05-14"
"مواصلات  ابن سينا مرتين خالص حتى اليوم","1","80.00","2025-04-08","2025-04-08"
"مواصلات -باور سبلاي+جهاز الضغط","1","80.00","2025-04-12","2025-04-12"
"مواصلات ابن سينا 2 مرة","1","80.00","2025-03-22","2025-03-22"
"مواصلات ابن سينا التلات والسبت","1","80.00","2024-12-07","2024-12-07"
"مواصلات ابن سينا مرتين","1","80.00","2025-03-18","2025-03-18"
"مواصلات الطباعة+ابن سينا العدسات","1","80.00","2024-09-01","2024-09-01"
"مواصلات الفايلات","1","80.00","2026-07-08","2026-07-08"
"مواصلات فايلات اشعة","1","80.00","2025-11-12","2025-11-12"
"مواصلات كروت التحويل","1","80.00","2025-01-30","2025-01-30"
"اقلام+ماركر","1","75.00","2025-04-15","2025-04-15"
"السعدني المخدر","1","75.00","2025-07-24","2025-07-24"
"باقي بالطوهات اجمالي275","1","75.00","2025-05-14","2025-05-14"
"سكر 2 ك*37","1","75.00","2024-07-10","2024-07-10"
"شاي+خل","1","75.00","2026-01-05","2026-01-05"
"شاي+شاي اخضر","1","75.00","2025-02-11","2025-02-11"
"لمبة لليافطة","1","75.00","2026-09-05","2026-09-05"
"نوري 1425","1","75.00","2025-05-29","2025-05-29"
"نوري 1875","1","75.00","2024-12-16","2024-12-16"
"نوري 1950","1","75.00","2024-12-19","2024-12-19"
"نوري 2100","1","75.00","2024-10-23","2024-10-23"
"نوري 3225","1","75.00","2024-11-25","2024-11-25"
"نوري 3525","1","75.00","2024-11-28","2024-11-28"
"نوري 525","1","75.00","2025-01-08","2025-01-08"
"نوري2925","1","75.00","2024-12-29","2024-12-29"
"2 سكر","1","74.00","2024-09-10","2024-09-10"
"2 ك سكر","1","74.00","2024-09-28","2024-09-28"
"2 ك سكر للشروق*37","1","74.00","2024-04-17","2024-04-17"
"37*2 ك سكر","1","74.00","2025-05-05","2025-05-05"
"سكر2ك","1","74.00","2024-09-17","2024-09-17"
"إضافي ايمان شهر 7","1","71.00","2025-08-14","2025-08-14"
"إضافي صافي شهر 7","1","70.00","2025-08-17","2025-08-17"
"دوا مصطفى السعدني","1","70.00","2025-07-16","2025-07-16"
"شاحن دي في ار","1","70.00","2025-03-13","2025-03-13"
"شاي+راجون","1","70.00","2025-10-01","2025-10-01"
"فاتورة تليفون الشروق","1","70.00","2026-05-24","2026-05-24"
"كيسين سكر الشروق","1","70.00","2024-07-22","2024-07-22"
"محمود الفيمتو","1","70.00","2024-02-14","2024-02-14"
"مرسال فيمتو","1","70.00","2024-02-11","2024-02-11"
"مواصلات رضوى","1","70.00","2024-10-17","2024-10-17"
"مواصلات فتح المركز","1","70.00","2026-09-10","2026-09-10"
"إضافي تمريض هد","1","68.00","2025-09-10","2025-09-10"
"سكر 2 ك الشروق","1","68.00","2024-11-12","2024-11-12"
"ايو يوسف لبن د السعدني","1","65.00","2025-11-12","2025-11-12"
"كوع حوض","1","65.00","2026-02-10","2026-02-10"
"لزق+حجر","1","65.00","2026-03-29","2026-03-29"
"إضافي صافي","1","63.00","2025-09-10","2025-09-10"
"اظرف واقلام","1","60.00","2024-12-07","2024-12-07"
"اوفو 1020","1","60.00","2024-08-26","2024-08-26"
"اوفو 360","1","60.00","2024-02-17","2024-02-17"
"اوفو 540","1","60.00","2024-07-24","2024-07-24"
"اوفو 60","1","60.00","2024-03-05","2024-03-05"
"اوفو 600","1","60.00","2024-07-25","2024-07-25"
"اوفو720","1","60.00","2024-04-29","2024-04-29"
"شعاع 360","1","60.00","2024-07-25","2024-07-25"
"شعاع الجديد","1","60.00","2024-07-01","2024-07-01"
"شمع","1","60.00","2025-03-09","2025-03-09"
"طنطا / شعاع180","1","60.00","2024-07-06","2024-07-06"
"فرق شفت د عمر","1","60.00","2025-10-19","2025-10-19"
"قطرات مضاد حيوي الشروق","1","60.00","2024-12-25","2024-12-25"
"مفاتيح باب الشروق4*15","1","60.00","2025-01-07","2025-01-07"
"مفاتيح د السعدني","1","60.00","2024-07-28","2024-07-28"
"مواصلات  الصواف","1","60.00","2024-05-15","2024-05-15"
"مواصلات الملفات+كابل","1","60.00","2026-06-15","2026-06-15"
"مواصلات مينا تورز د السعدني","1","60.00","2026-06-14","2026-06-14"
"معالق","1","57.00","2024-03-05","2024-03-05"
"شاي / سكر بطرس","1","55.00","2024-11-25","2024-11-25"
"معطر","1","55.00","2026-04-07","2026-04-07"
"هاند واش الشروق","1","55.00","2025-11-08","2025-11-08"
"2ك سكر","1","54.00","2024-01-04","2024-01-04"
"اشعة د نمير","1","50.00","2025-08-27","2025-08-27"
"الشناوي-تم سداد17-11","1","50.00","2025-11-16","2025-11-16"
"انتقالات المحامي","1","50.00","2024-11-20","2024-11-20"
"بقسماط","1","50.00","2025-06-22","2025-06-22"
"بيروسول","1","50.00","2026-08-31","2026-08-31"
"تصليح كالون الشروق","1","50.00","2025-03-05","2025-03-05"
"جمعيه د. محمد عبدالرحيم","1","50.00","2025-09-25","2025-09-25"
"د السعدني / ارامكس","1","50.00","2025-09-27","2025-09-27"
"د محمد رسالة/تم","1","50.00","2025-02-23","2025-02-23"
"دالسعدني أبو يوسف","1","50.00","2025-08-24","2025-08-24"
"رسالة","1","50.00","2026-07-13","2026-07-13"
"رسالة د محمد عبدالرحيم","1","50.00","2026-08-11","2026-08-11"
"رسالة دمحمد","1","50.00","2026-03-18","2026-03-18"
"رسالة- محمد","1","50.00","2025-12-27","2025-12-27"
"رسالة-دمحمد","1","50.00","2026-05-21","2026-05-21"
"رضا تم السداد","1","50.00","2024-10-09","2024-10-09"
"سلفة رضا/تم","1","50.00","2024-10-17","2024-10-17"
"شحن السعدني","1","50.00","2026-01-11","2026-01-11"
"شنط قطرات","1","50.00","2024-12-07","2024-12-07"
"صندوق القرض","1","50.00","2025-10-26","2025-10-26"
"صيانة تكييف الشروق","1","50.00","2025-07-23","2025-07-23"
"طبق غسيل","1","50.00","2026-08-24","2026-08-24"
"طه ابن سينا مرتين","1","50.00","2025-08-09","2025-08-09"
"عاملة نظافة","1","50.00","2024-08-18","2024-08-18"
"عاملة نظافة /الشروق","1","50.00","2024-09-01","2024-09-01"
"عماد ايداع المشارط","1","50.00","2024-05-29","2024-05-29"
"محمد عبدالرحيم","1","50.00","2026-04-25","2026-04-25"
"محمد عبدالرحيم رساله","1","50.00","2026-01-25","2026-01-25"
"مندوب ابن سينا","1","50.00","2024-08-10","2024-08-10"
"مواصلات طه الكهرباء","1","50.00","2025-12-21","2025-12-21"
"مواصلات مينا تورز","1","50.00","2025-10-26","2025-10-26"
"ادوية طوارئ","1","45.00","2024-09-11","2024-09-11"
"اقراص لحالة طلبها د السعدني","1","45.00","2025-05-08","2025-05-08"
"شيكرتون","1","45.00","2025-10-30","2025-10-30"
"اقلام 12","1","40.00","2024-01-31","2024-01-31"
"اكياس زباله","1","40.00","2024-06-22","2024-06-22"
"الجاونات مواصلات","1","40.00","2024-11-06","2024-11-06"
"اوردر","1","40.00","2025-07-14","2025-07-14"
"رش للنمل","1","40.00","2025-10-05","2025-10-05"
"ريموت وبطارية","1","40.00","2024-05-11","2024-05-11"
"سكر الشروق","1","40.00","2024-09-03","2024-09-03"
"سكر ك*40","1","40.00","2024-01-23","2024-01-23"
"فوط","1","40.00","2026-08-26","2026-08-26"
"قراقيش د السعدني","1","40.00","2024-05-01","2024-05-01"
"مستلزمات د الصواف","1","40.00","2025-08-05","2025-08-05"
"مفرش","1","40.00","2026-03-08","2026-03-08"
"مواصلات  الفاطمية","1","40.00","2024-05-11","2024-05-11"
"مواصلات الكهربا","1","40.00","2026-01-25","2026-01-25"
"مواصلات المستلزمات","1","40.00","2024-09-11","2024-09-11"
"مواصلات طه الصواف مرتين","1","40.00","2025-05-03","2025-05-03"
"مواصلات طه بن سينا والصواف","1","40.00","2025-01-27","2025-01-27"
"مواصلات محمود الكروت","1","40.00","2024-06-11","2024-06-11"
"مواصلات محمود د السعدني تحويل","1","40.00","2024-06-11","2024-06-11"
"مواصلات محمود مكن الملفات","1","40.00","2024-06-11","2024-06-11"
"بيرسول","1","37.00","2025-02-22","2025-02-22"
"اقلام سبورة3*12","1","36.00","2024-02-27","2024-02-27"
"تحت حساب مشتريات سباكة","1","35.00","2025-11-12","2025-11-12"
"سكر-الشروق","1","35.00","2026-05-21","2026-05-21"
"شرشوبة","1","35.00","2024-09-18","2024-09-18"
"قطرة د محمد","1","35.00","2025-02-11","2025-02-11"
"لمبة للسلم","1","35.00","2024-09-28","2024-09-28"
"لمبه","1","35.00","2025-02-22","2025-02-22"
"مساحة","1","35.00","2026-09-02","2026-09-02"
"باقي مواصلات رول التعقيم","1","30.00","2026-02-10","2026-02-10"
"تطليع الأسطوانات اكرامية","1","30.00","2026-01-12","2026-01-12"
"حجاره","1","30.00","2025-02-22","2025-02-22"
"سلك+معالق","1","30.00","2025-09-15","2025-09-15"
"شاي وخل","1","30.00","2025-05-18","2025-05-18"
"فرق د عمر","1","30.00","2025-09-14","2025-09-14"
"كوركتور","1","30.00","2026-06-09","2026-06-09"
"لزق طبي","1","30.00","2024-01-10","2024-01-10"
"مصل للنمل","1","30.00","2024-10-15","2024-10-15"
"مواصلات مصطفى البطارية","1","30.00","2024-04-24","2024-04-24"
"ينوسن","1","30.00","2025-07-05","2025-07-05"
"أبوعمر","1","25.00","2026-04-14","2026-04-14"
"بسكوت د السعدني","1","25.00","2025-10-02","2025-10-02"
"بلاستر","1","25.00","2026-09-05","2026-09-05"
"توصيل","1","25.00","2025-07-29","2025-07-29"
"سلاكة اذن","1","25.00","2024-10-26","2024-10-26"
"شاي+سلك","1","25.00","2025-10-26","2025-10-26"
"قهوة ضيف د الصواف","1","25.00","2025-12-16","2025-12-16"
"مواصلات الشروق","1","25.00","2026-08-25","2026-08-25"
"بريل الشروق","1","23.00","2024-02-27","2024-02-27"
"اكرامية الاوردرحسن فايد","1","20.00","2025-06-29","2025-06-29"
"انتقالات","1","20.00","2024-01-07","2024-01-07"
"تاكسي الشروق حالة تبع د السعدني","1","20.00","2025-07-02","2025-07-02"
"دانش د السعدني","1","20.00","2024-02-01","2024-02-01"
"زيادة لحالة د /وليدعلام / مواصلات الصواف طه","1","20.00","2025-09-01","2025-09-01"
"سلفة طه","1","20.00","2025-12-30","2025-12-30"
"شرشوبه الشروق","1","20.00","2025-09-03","2025-09-03"
"شنطة هدايا د السعدني","1","20.00","2024-12-18","2024-12-18"
"طه  الصواف","1","20.00","2025-02-03","2025-02-03"
"طه الشفت التاني","1","20.00","2025-04-28","2025-04-28"
"عجز الوردية الاولى","1","20.00","2024-03-03","2024-03-03"
"عصير د السعدني","1","20.00","2025-11-22","2025-11-22"
"قرنفل","1","20.00","2024-01-14","2024-01-14"
"قطرات-بروزلين","1","20.00","2026-07-05","2026-07-05"
"كانيولا","1","20.00","2025-10-15","2025-10-15"
"م طه الصواف","1","20.00","2025-09-22","2025-09-22"
"مرتجع كارتلات","1","20.00","2026-04-26","2026-04-26"
"مواصلات الصواف طه","1","20.00","2024-06-03","2024-06-03"
"مواصلات الصواف-طه","1","20.00","2024-05-27","2024-05-27"
"مواصلات طه لصواف","1","20.00","2025-10-27","2025-10-27"
"نافكون","1","20.00","2026-08-16","2026-08-16"
"اضافي د عمر + د سما استكمال الشفت 250","1","17.00","2024-04-15","2024-04-15"
"اساتك","1","15.00","2025-05-31","2025-05-31"
"جهاز محلول","1","15.00","2025-12-16","2025-12-16"
"عمولة انستاباي","1","15.00","2024-04-21","2024-04-21"
"كلوركس","1","15.00","2025-01-25","2025-01-25"
"مواصلات شراء الاسترليم","1","15.00","2026-06-24","2026-06-24"
"الخميس ورديه تانيه / كوريكتور","1","12.00","2024-10-31","2024-10-31"
"طنطا","1","12.00","2024-02-26","2024-02-26"
"الورديه / السعدني","1","10.00","2024-12-16","2024-12-16"
"ايمن فايد","1","10.00","2025-05-27","2025-05-27"
"حالة اشعة د محمد","1","10.00","2025-05-06","2025-05-06"
"زيادة لحالة-10 عجز الشفت التاني","1","10.00","2025-11-30","2025-11-30"
"سرنجتين 10 سم","1","10.00","2025-05-27","2025-05-27"
"سلك للبوفيه","1","10.00","2026-07-09","2026-07-09"
"طه مواصلات","1","10.00","2024-12-23","2024-12-23"
"عجز شفت التاني","1","10.00","2025-08-13","2025-08-13"
"قص ورق","1","10.00","2024-01-03","2024-01-03"
"الشفت التاني","1","5.00","2025-08-23","2025-08-23"
"امير لزق","1","5.00","2024-04-20","2024-04-20"
"عجز ورديه الخميس بليل","1","5.00","2025-11-15","2025-11-15"
"فرق قطرات (منودوكسين-اوركا ) لحالة","1","5.00","2025-09-30","2025-09-30"
"نقص الشفت الاول","1","5.00","2025-02-26","2025-02-26"
